world	regime	mode	high	low	early4096_bits	whole16384_bits	tail8192_bits	admission_next_t	max_odds_before	max_odds_after	odds_at_move	clips	low_clips	high_clips	slow_count	fast_count	minimum_prefix_bits	maximum_drawdown_bits
216	recombined	slow			642.5262515674201	3558.8172932047837	2119.585673050812	132	15.87791959873721	15.87791959873721	13.504969792130561	0	0	0	16252	0	-0.7918863528493327	12.826116987912428
216	recombined	fast			637.0360050789984	3536.2712796584588	2108.2155139075107	132	9.876029609341515	9.876029609341515	7.49534351510696	0	0	0	0	16252	-0.7748479715728036	8.183374517827644
216	recombined	witness			641.6215648549901	3557.6239947804124	2119.4552427579165	132	15.87791959873721	15.87791959873721	13.504969792130561	0	0	0	15392	860	-0.7918863528493327	12.69306753356841
216	recombined	h5l2	5	2	629.235704142977	3487.195272449246	2077.2720645559098	132	5.0	5.0	4.997822213877772	4203	0	4203	15392	860	-0.7918863528493327	5.039693757265127
216	recombined	h5l3	5	3	629.235704142977	3487.195272449246	2077.2720645559098	132	5.0	5.0	4.997822213877772	4203	0	4203	15392	860	-0.7918863528493327	5.039693757265127
216	recombined	h5l4	5	4	629.235704142977	3487.195272449246	2077.2720645559098	132	5.0	5.0	4.997822213877772	4203	0	4203	15392	860	-0.7918863528493327	5.039693757265127
216	recombined	h5l5	5	5	629.235704142977	3487.195272449246	2077.2720645559098	132	5.0	5.0	4.997822213877772	4203	4203	0	15392	860	-0.7918863528493327	5.039693757265127
216	recombined	h6l2	6	2	635.3894394555854	3522.1108211859073	2098.1726181595973	132	6.0	6.0	5.995713556144787	4197	0	4197	15392	860	-0.7918863528493327	6.012982353103894
216	recombined	h6l3	6	3	635.3894394555854	3522.1108211859073	2098.1726181595973	132	6.0	6.0	5.995713556144787	4197	0	4197	15392	860	-0.7918863528493327	6.012982353103894
216	recombined	h6l4	6	4	635.3894394555854	3522.1108211859073	2098.1726181595973	132	6.0	6.0	5.995713556144787	4197	0	4197	15392	860	-0.7918863528493327	6.012982353103894
216	recombined	h6l5	6	5	635.3894394555854	3522.1108211859073	2098.1726181595973	132	6.0	6.0	5.995713556144787	4197	0	4197	15392	860	-0.7918863528493327	6.012982353103894
216	recombined	h8l2	8	2	639.9300809287903	3548.634364667889	2114.162100660082	132	8.0	8.0	7.98312592545624	4170	6	4164	15392	860	-0.7918863528493327	7.968443584174565
216	recombined	h8l3	8	3	640.0823862875199	3548.8074414530574	2114.162100660082	132	8.0	8.0	7.98312592545624	4164	0	4164	15392	860	-0.7918863528493327	7.968443584174565
216	recombined	h8l4	8	4	640.0823862875199	3548.8074414530574	2114.162100660082	132	8.0	8.0	7.98312592545624	4164	0	4164	15392	860	-0.7918863528493327	7.968443584174565
216	recombined	h8l5	8	5	640.0823862875199	3548.8074414530574	2114.162100660082	132	8.0	8.0	7.98312592545624	4164	0	4164	15392	860	-0.7918863528493327	7.968443584174565
216	recombined	h10l2	10	2	640.8007411630548	3554.8475929151873	2118.201394059796	132	10.0	10.0	9.93384575338737	4041	8	4033	15392	860	-0.7918863528493327	9.858109622435222
216	recombined	h10l3	10	3	641.112812359227	3555.311157763793	2118.201394059796	132	10.0	10.0	9.93384575338737	4041	7	4034	15392	860	-0.7918863528493327	9.858109622435222
216	recombined	h10l4	10	4	641.240100795388	3555.5204225523885	2118.201394059796	132	10.0	10.0	9.93384575338737	4036	2	4034	15392	860	-0.7918863528493327	9.858109622435222
216	recombined	h10l5	10	5	641.2630713273785	3555.5464803973236	2118.201394059796	132	10.0	10.0	9.93384575338737	4035	0	4035	15392	860	-0.7918863528493327	9.858109622435222
216	recombined	h12l2	12	2	640.7999291084013	3555.175199593823	2118.809956230053	132	12.0	12.0	11.752009920561022	3324	20	3304	15392	860	-0.7918863528493327	11.43817553681447
216	recombined	h12l3	12	3	641.2729675721822	3556.6672075549322	2119.1741349276167	132	12.0	12.0	11.752009920561022	3324	11	3313	15392	860	-0.7918863528493327	11.43817553681447
216	recombined	h12l4	12	4	641.4872175557459	3557.106625143895	2119.20815434979	132	12.0	12.0	11.752009920561022	3322	6	3316	15392	860	-0.7918863528493327	11.496790175243405
216	recombined	h12l5	12	5	641.5535849725276	3557.2159846980503	2119.20815434979	132	12.0	12.0	11.752009920561022	3319	1	3318	15392	860	-0.7918863528493327	11.496790175243405
216	recombined	h16l2	16	2	640.6953129311826	3554.5028318605746	2118.8102455739063	132	15.87791959873721	15.87791959873721	13.504969792130561	20	20	0	15392	860	-0.7918863528493327	12.69306753356841
216	recombined	h16l3	16	3	641.2431271726448	3556.5059041845934	2119.2778853260534	132	15.87791959873721	15.87791959873721	13.504969792130561	20	20	0	15392	860	-0.7918863528493327	12.69306753356841
216	recombined	h16l4	16	4	641.5166554495311	3557.3805622391055	2119.4474535862273	132	15.87791959873721	15.87791959873721	13.504969792130561	10	10	0	15392	860	-0.7918863528493327	12.69306753356841
216	recombined	h16l5	16	5	641.6120089610142	3557.5895293475287	2119.4552427579165	132	15.87791959873721	15.87791959873721	13.504969792130561	3	3	0	15392	860	-0.7918863528493327	12.69306753356841
216	switched	slow			642.5262515674201	1429.2257269994352	-10.005893154536219	132	15.834693886218682	15.834693886218682	13.504969792130561	0	0	0	16252	0	-0.7918863528493327	12.826116987912428
216	switched	fast			637.0360050789984	1424.0122614852185	-4.043504265733851	132	9.832261526526619	9.832261526526619	7.49534351510696	0	0	0	0	16252	-0.7748479715728036	8.183374517827644
216	switched	witness			641.6215648549901	1428.2493218377465	-9.919430184748723	132	15.834693886218682	15.834693886218682	13.504969792130561	0	0	0	8320	7932	-0.7918863528493327	12.69306753356841
216	switched	h5l2	5	2	629.235704142977	1406.589706403027	-3.3335014903061477	132	5.0	5.0	4.997822213877772	1737	0	1737	8320	7932	-0.7918863528493327	5.0398131068452585
216	switched	h5l3	5	3	629.235704142977	1406.589706403027	-3.3335014903061477	132	5.0	5.0	4.997822213877772	1737	0	1737	8320	7932	-0.7918863528493327	5.0398131068452585
216	switched	h5l4	5	4	629.235704142977	1406.589706403027	-3.3335014903061477	132	5.0	5.0	4.997822213877772	1737	0	1737	8320	7932	-0.7918863528493327	5.0398131068452585
216	switched	h5l5	5	5	629.235704142977	1406.589706403027	-3.3335014903061477	132	5.0	5.0	4.997822213877772	1737	1737	0	8320	7932	-0.7918863528493327	5.0398131068452585
216	switched	h6l2	6	2	635.3894394555854	1419.6529508736842	-4.285252152640343	132	6.0	6.0	5.995713556144787	1731	0	1731	8320	7932	-0.7918863528493327	6.013220288137518
216	switched	h6l3	6	3	635.3894394555854	1419.6529508736842	-4.285252152640343	132	6.0	6.0	5.995713556144787	1731	0	1731	8320	7932	-0.7918863528493327	6.013220288137518
216	switched	h6l4	6	4	635.3894394555854	1419.6529508736842	-4.285252152640343	132	6.0	6.0	5.995713556144787	1731	0	1731	8320	7932	-0.7918863528493327	6.013220288137518
216	switched	h6l5	6	5	635.3894394555854	1419.6529508736842	-4.285252152640343	132	6.0	6.0	5.995713556144787	1731	0	1731	8320	7932	-0.7918863528493327	6.013220288137518
216	switched	h8l2	8	2	639.9300809287903	1428.248270708534	-6.223993299241842	132	8.0	8.0	7.98312592545624	1717	6	1711	8320	7932	-0.7918863528493327	7.969377388401426
216	switched	h8l3	8	3	640.0823862875199	1428.4213474937026	-6.223993299241842	132	8.0	8.0	7.98312592545624	1711	0	1711	8320	7932	-0.7918863528493327	7.969377388401426
216	switched	h8l4	8	4	640.0823862875199	1428.4213474937026	-6.223993299241842	132	8.0	8.0	7.98312592545624	1711	0	1711	8320	7932	-0.7918863528493327	7.969377388401426
216	switched	h8l5	8	5	640.0823862875199	1428.4213474937026	-6.223993299241842	132	8.0	8.0	7.98312592545624	1711	0	1711	8320	7932	-0.7918863528493327	7.969377388401426
216	switched	h10l2	10	2	640.8007411630548	1428.962566802283	-7.683632053113037	132	10.0	10.0	9.93384575338737	1642	9	1633	8320	7932	-0.7918863528493327	9.858109622435222
216	switched	h10l3	10	3	641.112812359227	1429.0011045218625	-8.108659182136257	132	10.0	10.0	9.93384575338737	1641	7	1634	8320	7932	-0.7918863528493327	9.861583011174616
216	switched	h10l4	10	4	641.240100795388	1429.2103693104586	-8.108659182136257	132	10.0	10.0	9.93384575338737	1636	2	1634	8320	7932	-0.7918863528493327	9.861583011174616
216	switched	h10l5	10	5	641.2630713273785	1429.2364271553934	-8.108659182136257	132	10.0	10.0	9.93384575338737	1635	0	1635	8320	7932	-0.7918863528493327	9.861583011174616
216	switched	h12l2	12	2	640.7999291084013	1428.537476886752	-7.8277664770210595	132	12.0	12.0	11.752009920561022	1295	17	1278	8320	7932	-0.7918863528493327	11.43817553681447
216	switched	h12l3	12	3	641.2729675721822	1428.8370647562708	-8.656007871049727	132	12.0	12.0	11.752009920561022	1297	11	1286	8320	7932	-0.7918863528493327	11.43817553681447
216	switched	h12l4	12	4	641.4872175557459	1428.3636426083135	-9.53482818579415	132	12.0	12.0	11.752009920561022	1295	7	1288	8320	7932	-0.7918863528493327	11.496790175243405
216	switched	h12l5	12	5	641.5535849725276	1428.4362455921814	-9.571584756080373	132	12.0	12.0	11.752009920561022	1291	1	1290	8320	7932	-0.7918863528493327	11.496790175243405
216	switched	h16l2	16	2	640.6953129311826	1427.8463112738732	-7.846275012796244	132	15.834693886218682	15.834693886218682	13.504969792130561	17	17	0	8320	7932	-0.7918863528493327	12.69306753356841
216	switched	h16l3	16	3	641.2431271726448	1428.5535024517164	-8.674516406824914	132	15.834693886218682	15.834693886218682	13.504969792130561	17	17	0	8320	7932	-0.7918863528493327	12.69306753356841
216	switched	h16l4	16	4	641.5166554495311	1428.3797719313097	-9.553336721569337	132	15.834693886218682	15.834693886218682	13.504969792130561	10	10	0	8320	7932	-0.7918863528493327	12.69306753356841
216	switched	h16l5	16	5	641.6120089610142	1428.2148564048623	-9.919430184748723	132	15.834693886218682	15.834693886218682	13.504969792130561	3	3	0	8320	7932	-0.7918863528493327	12.69306753356841
216	moved_mid	slow			642.5262515674201	2471.6748569362194	1032.4432367822467	132	15.834693886218682	15.834693886218682	13.504969792130561	0	0	0	16252	0	-0.7918863528493327	13.63415034826994
216	moved_mid	fast			637.0360050789984	2449.1278967921944	1021.0721310412524	132	9.832261526526619	9.832261526526619	7.49534351510696	0	0	0	0	16252	-0.7748479715728036	8.183374517827644
216	moved_mid	witness			641.6215648549901	2469.272996968527	1031.1042449460272	132	15.834693886218682	15.834693886218682	13.504969792130561	0	0	0	14521	1731	-0.7918863528493327	13.612996651048206
216	moved_mid	h5l2	5	2	629.235704142977	2419.675740156899	1009.7525322635727	132	5.0	5.0	4.997822213877772	3106	0	3106	14521	1731	-0.7918863528493327	5.043371198492196
216	moved_mid	h5l3	5	3	629.235704142977	2419.675740156899	1009.7525322635727	132	5.0	5.0	4.997822213877772	3106	0	3106	14521	1731	-0.7918863528493327	5.043371198492196
216	moved_mid	h5l4	5	4	629.235704142977	2419.675740156899	1009.7525322635727	132	5.0	5.0	4.997822213877772	3106	0	3106	14521	1731	-0.7918863528493327	5.043371198492196
216	moved_mid	h5l5	5	5	629.235704142977	2419.675740156899	1009.7525322635727	132	5.0	5.0	4.997822213877772	3106	3106	0	14521	1731	-0.7918863528493327	5.043371198492196
216	moved_mid	h6l2	6	2	635.3894394555854	2444.2767459056236	1020.3385428792828	132	6.0	6.0	5.995713556144787	3099	0	3099	14521	1731	-0.7918863528493327	6.020322696068888
216	moved_mid	h6l3	6	3	635.3894394555854	2444.2767459056236	1020.3385428792828	132	6.0	6.0	5.995713556144787	3099	0	3099	14521	1731	-0.7918863528493327	6.020322696068888
216	moved_mid	h6l4	6	4	635.3894394555854	2444.2767459056236	1020.3385428792828	132	6.0	6.0	5.995713556144787	3099	0	3099	14521	1731	-0.7918863528493327	6.020322696068888
216	moved_mid	h6l5	6	5	635.3894394555854	2444.2767459056236	1020.3385428792828	132	6.0	6.0	5.995713556144787	3099	0	3099	14521	1731	-0.7918863528493327	6.020322696068888
216	moved_mid	h8l2	8	2	639.9300809287903	2462.768895988147	1028.2966319803627	132	8.0	8.0	7.98312592545624	3071	8	3063	14521	1731	-0.7918863528493327	7.997461418574403
216	moved_mid	h8l3	8	3	640.0823862875199	2463.085433666569	1028.4400928736152	132	8.0	8.0	7.98312592545624	3063	0	3063	14521	1731	-0.7918863528493327	7.997461418574403
216	moved_mid	h8l4	8	4	640.0823862875199	2463.085433666569	1028.4400928736152	132	8.0	8.0	7.98312592545624	3063	0	3063	14521	1731	-0.7918863528493327	7.997461418574403
216	moved_mid	h8l5	8	5	640.0823862875199	2463.085433666569	1028.4400928736152	132	8.0	8.0	7.98312592545624	3063	0	3063	14521	1731	-0.7918863528493327	7.997461418574403
216	moved_mid	h10l2	10	2	640.8007411630548	2464.6414968660333	1027.9952980106411	132	10.0	10.0	9.93384575338737	2940	30	2910	14521	1731	-0.7918863528493327	9.96902920041748
216	moved_mid	h10l3	10	3	641.112812359227	2467.158540880105	1030.0487771761077	132	10.0	10.0	9.93384575338737	2941	18	2923	14521	1731	-0.7918863528493327	9.96902920041748
216	moved_mid	h10l4	10	4	641.240100795388	2467.774550408248	1030.4555219156534	132	10.0	10.0	9.93384575338737	2934	4	2930	14521	1731	-0.7918863528493327	9.96902920041748
216	moved_mid	h10l5	10	5	641.2630713273785	2467.8314463098154	1030.486359972287	132	10.0	10.0	9.93384575338737	2933	0	2933	14521	1731	-0.7918863528493327	9.96902920041748
216	moved_mid	h12l2	12	2	640.7999291084013	2462.020681996745	1025.655438632972	132	12.0	12.0	11.752009920561022	2276	50	2226	14521	1731	-0.7918863528493327	11.78415753561353
216	moved_mid	h12l3	12	3	641.2729675721822	2466.5005008108064	1029.0074281834857	132	12.0	12.0	11.752009920561022	2300	41	2259	14521	1731	-0.7918863528493327	11.78415753561353
216	moved_mid	h12l4	12	4	641.4872175557459	2468.4181954330998	1030.519724638983	132	12.0	12.0	11.752009920561022	2301	25	2276	14521	1731	-0.7918863528493327	11.801513041616545
216	moved_mid	h12l5	12	5	641.5535849725276	2468.9510010347876	1030.9431706865182	132	12.0	12.0	11.752009920561022	2291	5	2286	14521	1731	-0.7918863528493327	11.801513041616545
216	moved_mid	h16l2	16	2	640.6953129311826	2460.230266945561	1024.5376806588924	132	15.834693886218682	15.834693886218682	13.504969792130561	55	55	0	14521	1731	-0.7918863528493327	13.612996651048206
216	moved_mid	h16l3	16	3	641.2431271726448	2465.623198668453	1028.3951798099104	132	15.834693886218682	15.834693886218682	13.504969792130561	50	50	0	14521	1731	-0.7918863528493327	13.612996651048206
216	moved_mid	h16l4	16	4	641.5166554495311	2468.092996913554	1030.1598882606665	132	15.834693886218682	15.834693886218682	13.504969792130561	36	36	0	14521	1731	-0.7918863528493327	13.612996651048206
216	moved_mid	h16l5	16	5	641.6120089610142	2469.064769037973	1030.9304824483536	132	15.834693886218682	15.834693886218682	13.504969792130561	16	16	0	14521	1731	-0.7918863528493327	13.612996651048206
216	unrelated	slow			0.0	0.0	0.0		0.0	0.0	0.0	0	0	0	0	0	0.0	0.0
216	unrelated	fast			0.0	0.0	0.0		0.0	0.0	0.0	0	0	0	0	0	0.0	0.0
216	unrelated	witness			0.0	0.0	0.0		0.0	0.0	0.0	0	0	0	0	0	0.0	0.0
216	unrelated	h5l2	5	2	0.0	0.0	0.0		0.0	0.0	0.0	0	0	0	0	0	0.0	0.0
216	unrelated	h5l3	5	3	0.0	0.0	0.0		0.0	0.0	0.0	0	0	0	0	0	0.0	0.0
216	unrelated	h5l4	5	4	0.0	0.0	0.0		0.0	0.0	0.0	0	0	0	0	0	0.0	0.0
216	unrelated	h5l5	5	5	0.0	0.0	0.0		0.0	0.0	0.0	0	0	0	0	0	0.0	0.0
216	unrelated	h6l2	6	2	0.0	0.0	0.0		0.0	0.0	0.0	0	0	0	0	0	0.0	0.0
216	unrelated	h6l3	6	3	0.0	0.0	0.0		0.0	0.0	0.0	0	0	0	0	0	0.0	0.0
216	unrelated	h6l4	6	4	0.0	0.0	0.0		0.0	0.0	0.0	0	0	0	0	0	0.0	0.0
216	unrelated	h6l5	6	5	0.0	0.0	0.0		0.0	0.0	0.0	0	0	0	0	0	0.0	0.0
216	unrelated	h8l2	8	2	0.0	0.0	0.0		0.0	0.0	0.0	0	0	0	0	0	0.0	0.0
216	unrelated	h8l3	8	3	0.0	0.0	0.0		0.0	0.0	0.0	0	0	0	0	0	0.0	0.0
216	unrelated	h8l4	8	4	0.0	0.0	0.0		0.0	0.0	0.0	0	0	0	0	0	0.0	0.0
216	unrelated	h8l5	8	5	0.0	0.0	0.0		0.0	0.0	0.0	0	0	0	0	0	0.0	0.0
216	unrelated	h10l2	10	2	0.0	0.0	0.0		0.0	0.0	0.0	0	0	0	0	0	0.0	0.0
216	unrelated	h10l3	10	3	0.0	0.0	0.0		0.0	0.0	0.0	0	0	0	0	0	0.0	0.0
216	unrelated	h10l4	10	4	0.0	0.0	0.0		0.0	0.0	0.0	0	0	0	0	0	0.0	0.0
216	unrelated	h10l5	10	5	0.0	0.0	0.0		0.0	0.0	0.0	0	0	0	0	0	0.0	0.0
216	unrelated	h12l2	12	2	0.0	0.0	0.0		0.0	0.0	0.0	0	0	0	0	0	0.0	0.0
216	unrelated	h12l3	12	3	0.0	0.0	0.0		0.0	0.0	0.0	0	0	0	0	0	0.0	0.0
216	unrelated	h12l4	12	4	0.0	0.0	0.0		0.0	0.0	0.0	0	0	0	0	0	0.0	0.0
216	unrelated	h12l5	12	5	0.0	0.0	0.0		0.0	0.0	0.0	0	0	0	0	0	0.0	0.0
216	unrelated	h16l2	16	2	0.0	0.0	0.0		0.0	0.0	0.0	0	0	0	0	0	0.0	0.0
216	unrelated	h16l3	16	3	0.0	0.0	0.0		0.0	0.0	0.0	0	0	0	0	0	0.0	0.0
216	unrelated	h16l4	16	4	0.0	0.0	0.0		0.0	0.0	0.0	0	0	0	0	0	0.0	0.0
216	unrelated	h16l5	16	5	0.0	0.0	0.0		0.0	0.0	0.0	0	0	0	0	0	0.0	0.0
217	recombined	slow			421.518540463291	2819.7878871760486	1665.763098415034	113	15.980048277009372	15.980048277009372	10.32825711342391	0	0	0	16271	0	0.0	13.003005031799717
217	recombined	fast			416.18937545101863	2797.2347769699522	1654.3493389147072	113	9.97860950150131	9.97860950150131	4.291798329879826	0	0	0	0	16271	0.0	8.799180437305495
217	recombined	witness			420.36183391689764	2818.408656206496	1665.6243427842912	113	15.980048277009372	15.980048277009372	10.32825711342391	0	0	0	15277	994	0.0	12.995453226329914
217	recombined	h5l2	5	2	413.09111398483014	2763.7817771547484	1632.823446403855	113	5.0	5.0	1.9103759758362393	3224	0	3224	15277	994	0.0	5.041840900017405
217	recombined	h5l3	5	3	413.09111398483014	2763.7817771547484	1632.823446403855	113	5.0	5.0	1.9103759758362393	3224	0	3224	15277	994	0.0	5.041840900017405
217	recombined	h5l4	5	4	413.09111398483014	2763.7817771547484	1632.823446403855	113	5.0	5.0	1.9103759758362393	3224	0	3224	15277	994	0.0	5.041840900017405
217	recombined	h5l5	5	5	413.09111398483014	2763.7817771547484	1632.823446403855	113	5.0	5.0	1.9103759758362393	3224	3224	0	15277	994	0.0	5.041840900017405
217	recombined	h6l2	6	2	416.7317692006666	2790.8889152156307	1649.0893705762608	113	6.0	6.0	2.9078766911557374	3219	0	3219	15277	994	0.0	6.01726588494148
217	recombined	h6l3	6	3	416.7317692006666	2790.8889152156307	1649.0893705762608	113	6.0	6.0	2.9078766911557374	3219	0	3219	15277	994	0.0	6.01726588494148
217	recombined	h6l4	6	4	416.7317692006666	2790.8889152156307	1649.0893705762608	113	6.0	6.0	2.9078766911557374	3219	0	3219	15277	994	0.0	6.01726588494148
217	recombined	h6l5	6	5	416.7317692006666	2790.8889152156307	1649.0893705762608	113	6.0	6.0	2.9078766911557374	3219	0	3219	15277	994	0.0	6.01726588494148
217	recombined	h8l2	8	2	419.2931159497311	2810.9559194505296	1661.0680461235952	113	8.0	8.0	4.89297122973023	3186	5	3181	15277	994	0.0	7.98532420608899
217	recombined	h8l3	8	3	419.4427443308064	2811.490395935379	1661.4528942273691	113	8.0	8.0	4.89297122973023	3187	3	3184	15277	994	0.0	7.98532420608899
217	recombined	h8l4	8	4	419.47271398162064	2811.592320017124	1661.5248486583014	113	8.0	8.0	4.89297122973023	3185	0	3185	15277	994	0.0	7.98532420608899
217	recombined	h8l5	8	5	419.47271398162064	2811.592320017124	1661.5248486583014	113	8.0	8.0	4.89297122973023	3185	0	3185	15277	994	0.0	7.98532420608899
217	recombined	h10l2	10	2	419.8745745944077	2814.659586754688	1663.0109981371609	113	10.0	10.0	6.834843234936634	3042	14	3028	15277	994	0.0	9.921866429190914
217	recombined	h10l3	10	3	420.0259781075199	2816.1251034244274	1664.133328114431	113	10.0	10.0	6.834843234936634	3048	9	3039	15277	994	0.0	9.921866429190914
217	recombined	h10l4	10	4	420.10772331312205	2816.65047128401	1664.5490178644757	113	10.0	10.0	6.834843234936634	3049	4	3045	15277	994	0.0	9.921866429190914
217	recombined	h10l5	10	5	420.15019725564787	2816.791698903507	1664.647771541446	113	10.0	10.0	6.834843234936634	3050	3	3047	15277	994	0.0	9.921866429190914
217	recombined	h12l2	12	2	419.4931872666557	2813.9661632334514	1662.5686188559653	113	12.0	12.0	8.62325604482046	2402	24	2378	15277	994	0.0	11.705535088237298
217	recombined	h12l3	12	3	420.09039168045314	2816.652700633738	1664.3576753121001	113	12.0	12.0	8.62325604482046	2406	18	2388	15277	994	0.0	11.705535088237298
217	recombined	h12l4	12	4	420.25267191418203	2817.651947862379	1665.0828652616337	113	12.0	12.0	8.62325604482046	2404	10	2394	15277	994	0.0	11.705535088237184
217	recombined	h12l5	12	5	420.29563819378717	2817.9828749695685	1665.3458083444884	113	12.0	12.0	8.62325604482046	2409	6	2403	15277	994	0.0	11.705535088237298
217	recombined	h16l2	16	2	418.9741818256063	2812.9272818322606	1662.1640956089861	113	15.980048277009372	15.980048277009372	10.32825711342391	33	33	0	15277	994	0.0	12.93545177343833
217	recombined	h16l3	16	3	419.8846005041458	2816.2632201084944	1664.192925838521	113	15.980048277009372	15.980048277009372	10.32825711342391	25	25	0	15277	994	0.0	12.995453226329914
217	recombined	h16l4	16	4	420.2190114498754	2817.7159637018513	1665.1277423754834	113	15.980048277009372	15.980048277009372	10.32825711342391	20	20	0	15277	994	0.0	12.995453226329914
217	recombined	h16l5	16	5	420.33095534826026	2818.240700939825	1665.4883429613722	113	15.980048277009372	15.980048277009372	10.32825711342391	8	8	0	15277	994	0.0	12.995453226329914
217	switched	slow			421.518540463291	1315.0837717884465	161.05898302743415	113	15.980048277009372	15.980048277009372	10.32825711342391	0	0	0	16271	0	0.0	13.382188853026719
217	switched	fast			416.18937545101863	1305.8590718404466	162.9736337852096	113	9.97860950150131	9.97860950150131	4.291798329879826	0	0	0	0	16271	0.0	8.275686168240782
217	switched	witness			420.36183391689764	1313.5804757820852	160.79616235989548	113	15.980048277009372	15.980048277009372	10.32825711342391	0	0	0	11458	4813	0.0	13.351572999462405
217	switched	h5l2	5	2	413.09111398483014	1293.5234875123333	162.56515676144167	113	5.0	5.0	1.9103759758362393	1454	0	1454	11458	4813	0.0	5.042506199511763
217	switched	h5l3	5	3	413.09111398483014	1293.5234875123333	162.56515676144167	113	5.0	5.0	1.9103759758362393	1454	0	1454	11458	4813	0.0	5.042506199511763
217	switched	h5l4	5	4	413.09111398483014	1293.5234875123333	162.56515676144167	113	5.0	5.0	1.9103759758362393	1454	0	1454	11458	4813	0.0	5.042506199511763
217	switched	h5l5	5	5	413.09111398483014	1293.5234875123333	162.56515676144167	113	5.0	5.0	1.9103759758362393	1454	1454	0	11458	4813	0.0	5.042506199511763
217	switched	h6l2	6	2	416.7317692006666	1305.146963785862	163.34741914649615	113	6.0	6.0	2.9078766911557374	1451	0	1451	11458	4813	0.0	6.018594440649849
217	switched	h6l3	6	3	416.7317692006666	1305.146963785862	163.34741914649615	113	6.0	6.0	2.9078766911557374	1451	0	1451	11458	4813	0.0	6.018594440649849
217	switched	h6l4	6	4	416.7317692006666	1305.146963785862	163.34741914649615	113	6.0	6.0	2.9078766911557374	1451	0	1451	11458	4813	0.0	6.018594440649849
217	switched	h6l5	6	5	416.7317692006666	1305.146963785862	163.34741914649615	113	6.0	6.0	2.9078766911557374	1451	0	1451	11458	4813	0.0	6.018594440649849
217	switched	h8l2	8	2	419.2931159497311	1312.8542294769877	162.9663561500405	113	8.0	8.0	4.89297122973023	1429	2	1427	11458	4813	0.0	7.990589916330919
217	switched	h8l3	8	3	419.4427443308064	1312.8860304055104	162.84852869748943	113	8.0	8.0	4.89297122973023	1428	1	1427	11458	4813	0.0	7.990589916330919
217	switched	h8l4	8	4	419.47271398162064	1312.9160000563245	162.84852869748943	113	8.0	8.0	4.89297122973023	1427	0	1427	11458	4813	0.0	7.990589916330919
217	switched	h8l5	8	5	419.47271398162064	1312.9160000563245	162.84852869748943	113	8.0	8.0	4.89297122973023	1427	0	1427	11458	4813	0.0	7.990589916330919
217	switched	h10l2	10	2	419.8745745944077	1314.29187461405	162.64328599651253	113	10.0	10.0	6.834843234936634	1372	12	1360	11458	4813	0.0	9.942187482230338
217	switched	h10l3	10	3	420.0259781075199	1314.3005472095713	162.30877189956348	113	10.0	10.0	6.834843234936634	1373	5	1368	11458	4813	0.0	9.942187482230338
217	switched	h10l4	10	4	420.10772331312205	1313.7682621274482	161.66680870790262	113	10.0	10.0	6.834843234936634	1370	1	1369	11458	4813	0.0	9.942187482230338
217	switched	h10l5	10	5	420.15019725564787	1313.8107360699744	161.66680870790262	113	10.0	10.0	6.834843234936634	1370	1	1369	11458	4813	0.0	9.942187482230338
217	switched	h12l2	12	2	419.4931872666557	1312.879435660816	161.48189128332706	113	12.0	12.0	8.62325604482046	1079	21	1058	11458	4813	0.0	11.776792156694455
217	switched	h12l3	12	3	420.09039168045314	1314.1429346841035	161.84790936246569	113	12.0	12.0	8.62325604482046	1082	17	1065	11458	4813	0.0	11.776792156694455
217	switched	h12l4	12	4	420.25267191418203	1314.1193691251651	161.5502865244163	113	12.0	12.0	8.62325604482046	1076	7	1069	11458	4813	0.0	11.776792156694455
217	switched	h12l5	12	5	420.29563819378717	1313.5984339802371	160.96136735515418	113	12.0	12.0	8.62325604482046	1075	3	1072	11458	4813	0.0	11.776792156694455
217	switched	h16l2	16	2	418.9741818256063	1311.692172578577	160.92898635531515	113	15.980048277009372	15.980048277009372	10.32825711342391	31	31	0	11458	4813	0.0	13.172261632517575
217	switched	h16l3	16	3	419.8846005041458	1313.5902378782196	161.51994360825924	113	15.980048277009372	15.980048277009372	10.32825711342391	22	22	0	11458	4813	0.0	13.345243297304478
217	switched	h16l4	16	4	420.2190114498754	1313.9587560704258	161.37053474406602	113	15.980048277009372	15.980048277009372	10.32825711342391	16	16	0	11458	4813	0.0	13.349661106465419
217	switched	h16l5	16	5	420.33095534826026	1313.69852142516	160.94616344672843	113	15.980048277009372	15.980048277009372	10.32825711342391	6	6	0	11458	4813	0.0	13.351572999454902
217	moved_mid	slow			421.518540463291	1759.1385646082151	605.1137758472127	113	15.980048277009372	15.980048277009372	10.32825711342391	0	0	0	16271	0	0.0	14.086777049474676
217	moved_mid	fast			416.18937545101863	1736.5950460012207	593.7096079459818	113	9.97860950150131	9.97860950150131	4.291798329879826	0	0	0	0	16271	0.0	8.275686168240782
217	moved_mid	witness			420.36183391689764	1755.6460853824847	602.8617719602909	113	15.980048277009372	15.980048277009372	10.32825711342391	0	0	0	13754	2517	0.0	13.899752673369221
217	moved_mid	h5l2	5	2	413.09111398483014	1721.9536163159253	590.9952855650296	113	5.0	5.0	1.9103759758362393	2002	0	2002	13754	2517	0.0	5.04331524037093
217	moved_mid	h5l3	5	3	413.09111398483014	1721.9536163159253	590.9952855650296	113	5.0	5.0	1.9103759758362393	2002	0	2002	13754	2517	0.0	5.04331524037093
217	moved_mid	h5l4	5	4	413.09111398483014	1721.9536163159253	590.9952855650296	113	5.0	5.0	1.9103759758362393	2002	0	2002	13754	2517	0.0	5.04331524037093
217	moved_mid	h5l5	5	5	413.09111398483014	1721.9536163159253	590.9952855650296	113	5.0	5.0	1.9103759758362393	2002	2002	0	13754	2517	0.0	5.04331524037093
217	moved_mid	h6l2	6	2	416.7317692006666	1738.686647658346	596.8871030189866	113	6.0	6.0	2.9078766911557374	1996	0	1996	13754	2517	0.0	6.020210861259784
217	moved_mid	h6l3	6	3	416.7317692006666	1738.686647658346	596.8871030189866	113	6.0	6.0	2.9078766911557374	1996	0	1996	13754	2517	0.0	6.020210861259784
217	moved_mid	h6l4	6	4	416.7317692006666	1738.686647658346	596.8871030189866	113	6.0	6.0	2.9078766911557374	1996	0	1996	13754	2517	0.0	6.020210861259784
217	moved_mid	h6l5	6	5	416.7317692006666	1738.686647658346	596.8871030189866	113	6.0	6.0	2.9078766911557374	1996	0	1996	13754	2517	0.0	6.020210861259784
217	moved_mid	h8l2	8	2	419.2931159497311	1750.5197010542554	600.6318277273077	113	8.0	8.0	4.89297122973023	1962	8	1954	13754	2517	0.0	7.99701602384107
217	moved_mid	h8l3	8	3	419.4427443308064	1751.3447469301857	601.3072452221628	113	8.0	8.0	4.89297122973023	1963	3	1960	13754	2517	0.0	7.99701602384107
217	moved_mid	h8l4	8	4	419.47271398162064	1751.4546494251474	601.38717806631	113	8.0	8.0	4.89297122973023	1961	0	1961	13754	2517	0.0	7.99701602384107
217	moved_mid	h8l5	8	5	419.47271398162064	1751.4546494251474	601.38717806631	113	8.0	8.0	4.89297122973023	1961	0	1961	13754	2517	0.0	7.99701602384107
217	moved_mid	h10l2	10	2	419.8745745944077	1750.4730469309284	598.8244583133915	113	10.0	10.0	6.834843234936634	1851	28	1823	13754	2517	0.0	9.967278068717178
217	moved_mid	h10l3	10	3	420.0259781075199	1753.3622462864741	601.370470976477	113	10.0	10.0	6.834843234936634	1866	21	1845	13754	2517	0.0	9.967278068717178
217	moved_mid	h10l4	10	4	420.10772331312205	1754.4427151570844	602.3412617375407	113	10.0	10.0	6.834843234936634	1867	8	1859	13754	2517	0.0	9.967278068717178
217	moved_mid	h10l5	10	5	420.15019725564787	1754.6478174316012	602.5038900695329	113	10.0	10.0	6.834843234936634	1864	2	1862	13754	2517	0.0	9.967278068717178
217	moved_mid	h12l2	12	2	419.4931872666557	1748.4245125692175	597.0269681917246	113	12.0	12.0	8.62325604482046	1459	47	1412	13754	2517	0.0	11.865982255852941
217	moved_mid	h12l3	12	3	420.09039168045314	1752.7699786233125	600.4749533016814	113	12.0	12.0	8.62325604482046	1467	37	1430	13754	2517	0.0	11.868424273091023
217	moved_mid	h12l4	12	4	420.25267191418203	1754.5881008665344	602.0190182657882	113	12.0	12.0	8.62325604482046	1462	22	1440	13754	2517	0.0	11.868424273091023
217	moved_mid	h12l5	12	5	420.29563819378717	1755.2846717082668	602.6476050831864	113	12.0	12.0	8.62325604482046	1465	13	1452	13754	2517	0.0	11.868424273091023
217	moved_mid	h16l2	16	2	418.9741818256063	1745.8549905898271	595.091804366567	113	15.980048277009372	15.980048277009372	10.32825711342391	67	67	0	13754	2517	0.0	13.389478601000064
217	moved_mid	h16l3	16	3	419.8846005041458	1751.6655242600257	599.5952299900792	113	15.980048277009372	15.980048277009372	10.32825711342391	53	53	0	13754	2517	0.0	13.389646951504119
217	moved_mid	h16l4	16	4	420.2190114498754	1754.3383460774332	601.7501247510747	113	15.980048277009372	15.980048277009372	10.32825711342391	37	37	0	13754	2517	0.0	13.768835060558786
217	moved_mid	h16l5	16	5	420.33095534826026	1755.2940722806773	602.5417143022377	113	15.980048277009372	15.980048277009372	10.32825711342391	18	18	0	13754	2517	0.0	13.899752673359444
217	unrelated	slow			0.0	0.0	0.0		0.0	0.0	0.0	0	0	0	0	0	0.0	0.0
217	unrelated	fast			0.0	0.0	0.0		0.0	0.0	0.0	0	0	0	0	0	0.0	0.0
217	unrelated	witness			0.0	0.0	0.0		0.0	0.0	0.0	0	0	0	0	0	0.0	0.0
217	unrelated	h5l2	5	2	0.0	0.0	0.0		0.0	0.0	0.0	0	0	0	0	0	0.0	0.0
217	unrelated	h5l3	5	3	0.0	0.0	0.0		0.0	0.0	0.0	0	0	0	0	0	0.0	0.0
217	unrelated	h5l4	5	4	0.0	0.0	0.0		0.0	0.0	0.0	0	0	0	0	0	0.0	0.0
217	unrelated	h5l5	5	5	0.0	0.0	0.0		0.0	0.0	0.0	0	0	0	0	0	0.0	0.0
217	unrelated	h6l2	6	2	0.0	0.0	0.0		0.0	0.0	0.0	0	0	0	0	0	0.0	0.0
217	unrelated	h6l3	6	3	0.0	0.0	0.0		0.0	0.0	0.0	0	0	0	0	0	0.0	0.0
217	unrelated	h6l4	6	4	0.0	0.0	0.0		0.0	0.0	0.0	0	0	0	0	0	0.0	0.0
217	unrelated	h6l5	6	5	0.0	0.0	0.0		0.0	0.0	0.0	0	0	0	0	0	0.0	0.0
217	unrelated	h8l2	8	2	0.0	0.0	0.0		0.0	0.0	0.0	0	0	0	0	0	0.0	0.0
217	unrelated	h8l3	8	3	0.0	0.0	0.0		0.0	0.0	0.0	0	0	0	0	0	0.0	0.0
217	unrelated	h8l4	8	4	0.0	0.0	0.0		0.0	0.0	0.0	0	0	0	0	0	0.0	0.0
217	unrelated	h8l5	8	5	0.0	0.0	0.0		0.0	0.0	0.0	0	0	0	0	0	0.0	0.0
217	unrelated	h10l2	10	2	0.0	0.0	0.0		0.0	0.0	0.0	0	0	0	0	0	0.0	0.0
217	unrelated	h10l3	10	3	0.0	0.0	0.0		0.0	0.0	0.0	0	0	0	0	0	0.0	0.0
217	unrelated	h10l4	10	4	0.0	0.0	0.0		0.0	0.0	0.0	0	0	0	0	0	0.0	0.0
217	unrelated	h10l5	10	5	0.0	0.0	0.0		0.0	0.0	0.0	0	0	0	0	0	0.0	0.0
217	unrelated	h12l2	12	2	0.0	0.0	0.0		0.0	0.0	0.0	0	0	0	0	0	0.0	0.0
217	unrelated	h12l3	12	3	0.0	0.0	0.0		0.0	0.0	0.0	0	0	0	0	0	0.0	0.0
217	unrelated	h12l4	12	4	0.0	0.0	0.0		0.0	0.0	0.0	0	0	0	0	0	0.0	0.0
217	unrelated	h12l5	12	5	0.0	0.0	0.0		0.0	0.0	0.0	0	0	0	0	0	0.0	0.0
217	unrelated	h16l2	16	2	0.0	0.0	0.0		0.0	0.0	0.0	0	0	0	0	0	0.0	0.0
217	unrelated	h16l3	16	3	0.0	0.0	0.0		0.0	0.0	0.0	0	0	0	0	0	0.0	0.0
217	unrelated	h16l4	16	4	0.0	0.0	0.0		0.0	0.0	0.0	0	0	0	0	0	0.0	0.0
217	unrelated	h16l5	16	5	0.0	0.0	0.0		0.0	0.0	0.0	0	0	0	0	0	0.0	0.0
218	recombined	slow			376.0660875416958	2016.7930130386524	1261.6915994530034	100	15.911861572882694	15.911861572882694	7.063443660235595	0	0	0	16284	0	0.0	13.231121572245627
218	recombined	fast			370.5362190515138	1994.2066954568825	1249.7652947096951	100	9.910082162131808	9.910082162131808	1.0184495699754563	0	0	0	0	16284	0.0	7.976263860503423
218	recombined	witness			374.6563306641367	2013.8791447930869	1260.8799134055869	100	15.911861542874767	15.911861542874767	6.462992271653684	0	0	0	14184	2100	0.0	13.180424216997892
218	recombined	h5l2	5	2	367.6446284677347	1974.9369880735196	1235.6527785418261	100	5.0	5.0	0.25646964706286574	2109	0	2109	14184	2100	0.0	5.041049073277975
218	recombined	h5l3	5	3	367.6446284677347	1974.9369880735196	1235.6527785418261	100	5.0	5.0	0.25646964706286574	2109	0	2109	14184	2100	0.0	5.041049073277975
218	recombined	h5l4	5	4	367.6446284677347	1974.9369880735196	1235.6527785418261	100	5.0	5.0	0.25646964706286574	2109	0	2109	14184	2100	0.0	5.041049073277975
218	recombined	h5l5	5	5	367.6446284677347	1974.9369880735196	1235.6527785418261	100	5.0	5.0	0.25646964706286574	2109	2109	0	14184	2100	0.0	5.041049073277975
218	recombined	h6l2	6	2	371.13384540793555	1994.2582415721436	1248.1017497611483	100	6.0	6.0	1.2454110910062024	2104	0	2104	14184	2100	0.0	6.015685458784958
218	recombined	h6l3	6	3	371.13384540793555	1994.2582415721436	1248.1017497611483	100	6.0	6.0	1.2454110910062024	2104	0	2104	14184	2100	0.0	6.015685458784958
218	recombined	h6l4	6	4	371.13384540793555	1994.2582415721436	1248.1017497611483	100	6.0	6.0	1.2454110910062024	2104	0	2104	14184	2100	0.0	6.015685458784958
218	recombined	h6l5	6	5	371.13384540793555	1994.2582415721436	1248.1017497611483	100	6.0	6.0	1.2454110910062024	2104	0	2104	14184	2100	0.0	6.015685458784958
218	recombined	h8l2	8	2	373.30300090325363	2007.3474611440922	1257.2484655661394	100	8.0	8.0	2.2923088203784627	2081	24	2057	14184	2100	0.0	7.9790788592314925
218	recombined	h8l3	8	3	373.6665509053066	2008.8088456105122	1257.6724419712457	100	8.0	8.0	3.1807828368337647	2076	8	2068	14184	2100	0.0	7.9790788592314925
218	recombined	h8l4	8	4	373.7889082144576	2009.0198504546481	1257.6955403532309	100	8.0	8.0	3.1807828368337647	2069	0	2069	14184	2100	0.0	7.9790788592314925
218	recombined	h8l5	8	5	373.7889082144576	2009.0198504546481	1257.6955403532309	100	8.0	8.0	3.1807828368337647	2069	0	2069	14184	2100	0.0	7.9790788592314925
218	recombined	h10l2	10	2	372.7869146777857	2004.3696370812434	1256.218535256711	100	10.0	10.0	2.2923088203784627	2005	69	1936	14184	2100	0.0	9.898036009315149
218	recombined	h10l3	10	3	373.9718335715632	2010.3695752624296	1259.1138882481853	100	10.0	10.0	3.27986789181203	2013	49	1964	14184	2100	0.0	9.898036009315149
218	recombined	h10l4	10	4	374.33407093813304	2012.3703931412626	1260.0498539027137	100	10.0	10.0	4.255303330628292	1992	16	1976	14184	2100	0.0	9.898036009315149
218	recombined	h10l5	10	5	374.42981148382574	2012.7074967305996	1260.1320348293118	100	10.0	10.0	4.947835642694303	1987	5	1982	14184	2100	0.0	9.898036009315149
218	recombined	h12l2	12	2	371.659332179464	1999.4863537697363	1253.7276410299366	100	12.0	12.0	2.2923088203784627	1672	93	1579	14184	2100	0.0	11.625033203800626
218	recombined	h12l3	12	3	373.4157309141578	2008.0191782528202	1258.0512101830916	100	12.0	12.0	3.27986789181203	1692	74	1618	14184	2100	0.0	11.625033203800626
218	recombined	h12l4	12	4	374.2747821895697	2011.871257995287	1259.905641029354	100	12.0	12.0	4.255303330628292	1704	60	1644	14184	2100	0.0	11.625033203800626
218	recombined	h12l5	12	5	374.52780639937373	2013.3477443563045	1260.6304438583354	100	12.0	12.0	5.2073944572265685	1698	29	1669	14184	2100	0.0	11.625033203800626
218	recombined	h16l2	16	2	371.339944159381	1996.7806690515326	1252.0304540723382	100	15.911860988489833	15.911860988489833	2.2923088203784627	97	97	0	14184	2100	0.0	13.180424216997835
218	recombined	h16l3	16	3	373.1137682461653	2006.1272177535786	1256.9497352331225	100	15.911861284821782	15.911861284821782	3.27986789181203	93	93	0	14184	2100	0.0	13.180424216997835
218	recombined	h16l4	16	4	374.0801591381668	2010.9946824297958	1259.4253121989223	100	15.91186143298778	15.91186143298778	4.255303330628292	80	80	0	14184	2100	0.0	13.180424216997892
218	recombined	h16l5	16	5	374.5117710823906	2013.12869887578	1260.5206681169896	100	15.911861507070785	15.911861507070785	5.2073944572265685	57	57	0	14184	2100	0.0	13.180424216997949
218	switched	slow			376.0660875416958	1032.1581657242168	277.0567521385706	100	15.87155741404573	15.87155741404573	7.063443660235595	0	0	0	16284	0	0.0	13.231121572245627
218	switched	fast			370.5362190515138	1022.1065388429087	277.6651380957251	100	9.865317008747702	9.865317008747702	1.0184495699754563	0	0	0	0	16284	0.0	7.840538684334547
218	switched	witness			374.6563306641367	1029.9886136013747	276.98938221386715	100	15.865328087951555	15.865328087951555	6.462992271653684	0	0	0	12006	4278	0.0	13.180424216997892
218	switched	h5l2	5	2	367.6446284677347	1016.7158223388925	277.43161280718743	100	5.0	5.0	0.25646964706286574	1078	0	1078	12006	4278	0.0	5.041049073277975
218	switched	h5l3	5	3	367.6446284677347	1016.7158223388925	277.43161280718743	100	5.0	5.0	0.25646964706286574	1078	0	1078	12006	4278	0.0	5.041049073277975
218	switched	h5l4	5	4	367.6446284677347	1016.7158223388925	277.43161280718743	100	5.0	5.0	0.25646964706286574	1078	0	1078	12006	4278	0.0	5.041049073277975
218	switched	h5l5	5	5	367.6446284677347	1016.7158223388925	277.43161280718743	100	5.0	5.0	0.25646964706286574	1078	1078	0	12006	4278	0.0	5.041049073277975
218	switched	h6l2	6	2	371.13384540793555	1025.6256177161142	279.46912590510885	100	6.0	6.0	1.2454110910062024	1074	0	1074	12006	4278	0.0	6.015685458784958
218	switched	h6l3	6	3	371.13384540793555	1025.6256177161142	279.46912590510885	100	6.0	6.0	1.2454110910062024	1074	0	1074	12006	4278	0.0	6.015685458784958
218	switched	h6l4	6	4	371.13384540793555	1025.6256177161142	279.46912590510885	100	6.0	6.0	1.2454110910062024	1074	0	1074	12006	4278	0.0	6.015685458784958
218	switched	h6l5	6	5	371.13384540793555	1025.6256177161142	279.46912590510885	100	6.0	6.0	1.2454110910062024	1074	0	1074	12006	4278	0.0	6.015685458784958
218	switched	h8l2	8	2	373.30300090325363	1029.8897393044292	279.79074372647426	100	8.0	8.0	2.2923088203784627	1057	18	1039	12006	4278	0.0	7.9790788592314925
218	switched	h8l3	8	3	373.6665509053066	1031.0491724389537	279.91276879968336	100	8.0	8.0	3.1807828368337647	1055	7	1048	12006	4278	0.0	7.9790788592314925
218	switched	h8l4	8	4	373.7889082144576	1031.237078901104	279.91276879968336	100	8.0	8.0	3.1807828368337647	1049	0	1049	12006	4278	0.0	7.9790788592314925
218	switched	h8l5	8	5	373.7889082144576	1031.237078901104	279.91276879968336	100	8.0	8.0	3.1807828368337647	1049	0	1049	12006	4278	0.0	7.9790788592314925
218	switched	h10l2	10	2	372.7869146777857	1025.3001000555805	277.14899823105	100	10.0	10.0	2.2923088203784627	1008	60	948	12006	4278	0.0	9.898036009315149
218	switched	h10l3	10	3	373.9718335715632	1029.6002428460545	278.34455583182006	100	10.0	10.0	3.27986789181203	1019	43	976	12006	4278	0.0	9.898036009315149
218	switched	h10l4	10	4	374.33407093813304	1031.0235756950083	278.7030364564557	100	10.0	10.0	4.255303330628292	1004	14	990	12006	4278	0.0	9.898036009315149
218	switched	h10l5	10	5	374.42981148382574	1031.3059993327297	278.7305374314376	100	10.0	10.0	4.947835642694303	999	5	994	12006	4278	0.0	9.898036009315149
218	switched	h12l2	12	2	371.659332179464	1021.4210503257577	275.662337585964	100	12.0	12.0	2.2923088203784627	815	78	737	12006	4278	0.0	11.625033203800626
218	switched	h12l3	12	3	373.4157309141578	1027.2677804818757	277.2998124121553	100	12.0	12.0	3.27986789181203	829	61	768	12006	4278	0.0	11.625033203800626
218	switched	h12l4	12	4	374.2747821895697	1029.5836054891784	277.6179885232478	100	12.0	12.0	4.255303330628292	838	51	787	12006	4278	0.0	11.625033203800626
218	switched	h12l5	12	5	374.52780639937373	1030.1278181191642	277.410517621194	100	12.0	12.0	5.2073944572265685	829	24	805	12006	4278	0.0	11.625033203800626
218	switched	h16l2	16	2	371.339944159381	1019.8134127233357	275.0631977441417	100	15.832932817147753	15.832932817147753	2.2923088203784627	82	82	0	12006	4278	0.0	13.180424216997835
218	switched	h16l3	16	3	373.1137682461653	1026.119914132554	276.94243161210176	100	15.848973405797738	15.848973405797738	3.27986789181203	75	75	0	12006	4278	0.0	13.180424216997835
218	switched	h16l4	16	4	374.0801591381668	1028.9811833526387	277.4118131217613	100	15.865328087951555	15.865328087951555	4.255303330628292	60	60	0	12006	4278	0.0	13.180424216997892
218	switched	h16l5	16	5	374.5117710823906	1029.816177931537	277.208147172739	100	15.865328087951555	15.865328087951555	5.2073944572265685	45	45	0	12006	4278	0.0	13.180424216997949
218	moved_mid	slow			376.0660875416958	874.3876876726179	119.28627408696147	100	15.841256521359737	15.841256521359737	7.063443660235595	0	0	0	16284	0	0.0	13.768780907457312
218	moved_mid	fast			370.5362190515138	859.0064030682354	114.56500232105637	100	9.839420124416964	9.839420124416964	1.0184495699754563	0	0	0	0	16284	0.0	7.693153054709683
218	moved_mid	witness			374.6563306641367	869.1808699395752	116.18163855206743	100	15.841092649173977	15.841092649173977	6.462992271653684	0	0	0	11918	4366	0.0	13.607153939162458
218	moved_mid	h5l2	5	2	367.6446284677347	860.6364700245164	121.3522604928124	100	5.0	5.0	0.25646964706286574	929	0	929	11918	4366	0.0	5.043670314201108
218	moved_mid	h5l3	5	3	367.6446284677347	860.6364700245164	121.3522604928124	100	5.0	5.0	0.25646964706286574	929	0	929	11918	4366	0.0	5.043670314201108
218	moved_mid	h5l4	5	4	367.6446284677347	860.6364700245164	121.3522604928124	100	5.0	5.0	0.25646964706286574	929	0	929	11918	4366	0.0	5.043670314201108
218	moved_mid	h5l5	5	5	367.6446284677347	860.6364700245164	121.3522604928124	100	5.0	5.0	0.25646964706286574	929	929	0	11918	4366	0.0	5.043670314201108
218	moved_mid	h6l2	6	2	371.13384540793555	868.1242921755177	121.9678003645224	100	6.0	6.0	1.2454110910062024	924	0	924	11918	4366	0.0	6.020920565667211
218	moved_mid	h6l3	6	3	371.13384540793555	868.1242921755177	121.9678003645224	100	6.0	6.0	1.2454110910062024	924	0	924	11918	4366	0.0	6.020920565667211
218	moved_mid	h6l4	6	4	371.13384540793555	868.1242921755177	121.9678003645224	100	6.0	6.0	1.2454110910062024	924	0	924	11918	4366	0.0	6.020920565667211
218	moved_mid	h6l5	6	5	371.13384540793555	868.1242921755177	121.9678003645224	100	6.0	6.0	1.2454110910062024	924	0	924	11918	4366	0.0	6.020920565667211
218	moved_mid	h8l2	8	2	373.30300090325363	870.4280389956244	120.32904341766933	100	8.0	8.0	2.2923088203784627	920	26	894	11918	4366	0.0	7.999844250296292
218	moved_mid	h8l3	8	3	373.6665509053066	872.338097615297	121.20169397602682	100	8.0	8.0	3.1807828368337647	913	9	904	11918	4366	0.0	7.999844250296292
218	moved_mid	h8l4	8	4	373.7889082144576	872.6060827956472	121.28177269422623	100	8.0	8.0	3.1807828368337647	907	0	907	11918	4366	0.0	7.999844250296292
218	moved_mid	h8l5	8	5	373.7889082144576	872.6060827956472	121.28177269422623	100	8.0	8.0	3.1807828368337647	907	0	907	11918	4366	0.0	7.999844250296292
218	moved_mid	h10l2	10	2	372.7869146777857	864.8565522962359	116.70545047170862	100	10.0	10.0	2.2923088203784627	855	56	799	11918	4366	0.0	9.978424669161086
218	moved_mid	h10l3	10	3	373.9718335715632	869.8875412019303	118.63185418769245	100	10.0	10.0	3.27986789181203	870	42	828	11918	4366	0.0	9.978424669161086
218	moved_mid	h10l4	10	4	374.33407093813304	871.7520508140075	119.4315115754618	100	10.0	10.0	4.255303330628292	867	22	845	11918	4366	0.0	9.978424669161086
218	moved_mid	h10l5	10	5	374.42981148382574	872.2167162050135	119.64125430372775	100	10.0	10.0	4.947835642694303	856	6	850	11918	4366	0.0	9.978424669161086
218	moved_mid	h12l2	12	2	371.659332179464	859.2580016150282	113.49928887523005	100	12.0	12.0	2.2923088203784627	683	72	611	11918	4366	0.0	11.910536559601383
218	moved_mid	h12l3	12	3	373.4157309141578	865.9159833713659	115.94801530164135	100	12.0	12.0	3.27986789181203	694	58	636	11918	4366	0.0	11.910536559601383
218	moved_mid	h12l4	12	4	374.2747821895697	869.1242327865159	117.15861582058447	100	12.0	12.0	4.255303330628292	710	47	663	11918	4366	0.0	11.910536559601383
218	moved_mid	h12l5	12	5	374.52780639937373	870.3576505076837	117.64035000971346	100	12.0	12.0	5.2073944572265685	707	27	680	11918	4366	0.0	11.910536559601383
218	moved_mid	h16l2	16	2	371.339944159381	857.2656049794218	112.51539000022396	100	15.832932817147753	15.832932817147753	2.2923088203784627	72	72	0	11918	4366	0.0	13.180424216997835
218	moved_mid	h16l3	16	3	373.1137682461653	863.7234154294574	114.54593290900121	100	15.837138225147958	15.837138225147958	3.27986789181203	67	67	0	11918	4366	0.0	13.180424216997835
218	moved_mid	h16l4	16	4	374.0801591381668	867.12163351014	115.55226327926034	100	15.839245535083476	15.839245535083476	4.255303330628292	59	59	0	11918	4366	0.0	13.33086583672457
218	moved_mid	h16l5	16	5	374.5117710823906	868.6152729132502	116.00724215445189	100	15.840300345462735	15.840300345462735	5.2073944572265685	41	41	0	11918	4366	0.0	13.50336985857166
218	unrelated	slow			6.595242216086721	6.595242216086721	0.0	1531	14.447682805096292	14.447682805096292	-552.2270438108587	0	0	0	14853	0	-0.2527966902884917	13.767911472691576
218	unrelated	fast			11.797562338676668	11.797562338676668	0.0	1531	8.551812332510085	8.551812332510085	-566.6718764970501	0	0	0	0	14853	-0.25066836479955956	7.595085019192432
218	unrelated	witness			7.417132021884987	7.417132021884987	0.0	1531	13.587233044457232	13.587233044457232	-560.1004947708673	0	0	0	3240	11613	-0.2527966902884917	12.640834775556334
218	unrelated	h5l2	5	2	14.792620312306966	14.792620312306966	0.0	1531	5.0	5.0	-567.7439340832486	13	0	13	3240	11613	-0.2527966902884917	5.041649523948919
218	unrelated	h5l3	5	3	14.792620312306966	14.792620312306966	0.0	1531	5.0	5.0	-567.7439340832486	13	0	13	3240	11613	-0.2527966902884917	5.041649523948919
218	unrelated	h5l4	5	4	14.792620312306966	14.792620312306966	0.0	1531	5.0	5.0	-567.7439340832486	13	0	13	3240	11613	-0.2527966902884917	5.041649523948919
218	unrelated	h5l5	5	5	14.792620312306966	14.792620312306966	0.0	1531	5.0	5.0	-567.7439340832486	13	13	0	3240	11613	-0.2527966902884917	5.041649523948919
218	unrelated	h6l2	6	2	13.936618309207486	13.936618309207486	0.0	1531	6.0	6.0	-566.7466734672296	12	0	12	3240	11613	-0.2527966902884917	6.016883833638518
218	unrelated	h6l3	6	3	13.936618309207486	13.936618309207486	0.0	1531	6.0	6.0	-566.7466734672296	12	0	12	3240	11613	-0.2527966902884917	6.016883833638518
218	unrelated	h6l4	6	4	13.936618309207486	13.936618309207486	0.0	1531	6.0	6.0	-566.7466734672296	12	0	12	3240	11613	-0.2527966902884917	6.016883833638518
218	unrelated	h6l5	6	5	13.936618309207486	13.936618309207486	0.0	1531	6.0	6.0	-566.7466734672296	12	0	12	3240	11613	-0.2527966902884917	6.016883833638518
218	unrelated	h8l2	8	2	12.051638608942007	12.051638608942007	0.0	1531	8.0	8.0	-564.7630014294907	12	0	12	3240	11613	-0.2527966902884917	7.983812607543065
218	unrelated	h8l3	8	3	12.051638608942007	12.051638608942007	0.0	1531	8.0	8.0	-564.7630014294907	12	0	12	3240	11613	-0.2527966902884917	7.983812607543065
218	unrelated	h8l4	8	4	12.051638608942007	12.051638608942007	0.0	1531	8.0	8.0	-564.7630014294907	12	0	12	3240	11613	-0.2527966902884917	7.983812607543065
218	unrelated	h8l5	8	5	12.051638608942007	12.051638608942007	0.0	1531	8.0	8.0	-564.7630014294907	12	0	12	3240	11613	-0.2527966902884917	7.983812607543065
218	unrelated	h10l2	10	2	9.643431517413912	9.643431517413912	0.0	1531	10.0	10.0	-562.8265257814271	16	9	7	3240	11613	-0.2527966902884917	9.916071900806386
218	unrelated	h10l3	10	3	10.054046043793601	10.054046043793601	0.0	1531	10.0	10.0	-562.8265257814271	10	3	7	3240	11613	-0.2527966902884917	9.916071900806386
218	unrelated	h10l4	10	4	10.138256115198683	10.138256115198683	0.0	1531	10.0	10.0	-562.8265257814271	8	0	8	3240	11613	-0.2527966902884917	9.916071900806383
218	unrelated	h10l5	10	5	10.138256115198683	10.138256115198683	0.0	1531	10.0	10.0	-562.8265257814271	8	0	8	3240	11613	-0.2527966902884917	9.916071900806383
218	unrelated	h12l2	12	2	8.409099339191734	8.409099339191734	0.0	1531	12.0	12.0	-561.8709333520351	12	9	3	3240	11613	-0.2527966902884917	10.870940851486411
218	unrelated	h12l3	12	3	8.14951138879345	8.14951138879345	0.0	1531	12.0	12.0	-561.1763449372199	13	8	5	3240	11613	-0.2527966902884917	11.565234869552299
218	unrelated	h12l4	12	4	8.262686653419923	8.262686653419923	0.0	1531	12.0	12.0	-561.0558744951313	14	8	6	3240	11613	-0.2527966902884917	11.685667170190586
218	unrelated	h12l5	12	5	8.361957699806194	8.361957699806194	0.0	1531	12.0	12.0	-561.0558744951313	9	3	6	3240	11613	-0.2527966902884917	11.68566717019059
218	unrelated	h16l2	16	2	8.38356238617758	8.38356238617758	0.0	1531	12.766865718803206	12.766865718803206	-561.8709333520351	9	9	0	3240	11613	-0.2527966902884917	10.870940851486411
218	unrelated	h16l3	16	3	8.115362273191273	8.115362273191273	0.0	1531	12.766865718803206	12.766865718803206	-561.1763449372199	8	8	0	3240	11613	-0.2527966902884917	11.565234869552299
218	unrelated	h16l4	16	4	7.811508146881582	7.811508146881582	0.0	1531	13.066696501471815	13.066696501471815	-560.6426612745918	8	8	0	3240	11613	-0.2527966902884917	12.098771311274765
218	unrelated	h16l5	16	5	7.566717311636479	7.566717311636479	0.0	1531	13.564566195975178	13.564566195975178	-560.2771423567913	6	6	0	3240	11613	-0.2527966902884917	12.464216612988556
219	recombined	slow			784.8070159833107	3689.881750220525	1966.953681045491	106	15.855023406347872	15.855023406347872	13.419770582150289	0	0	0	16278	0	0.0	10.279288022930587
219	recombined	fast			779.2821140989194	3667.3111683960483	1955.5945708232607	106	9.853366433355545	9.853366433355545	7.4130267163499255	0	0	0	0	16278	0.0	7.798202073698604
219	recombined	witness			784.6738105777995	3689.748544815014	1966.953681045491	106	15.855023406347872	15.855023406347872	13.419770582150289	0	0	0	16182	96	0.0	9.650271354786518
219	recombined	h5l2	5	2	769.7852430002384	3617.157148584903	1928.3644922289586	106	5.0	5.0	4.997822213877772	4225	0	4225	16182	96	0.0	5.00314639923829
219	recombined	h5l3	5	3	769.7852430002384	3617.157148584903	1928.3644922289586	106	5.0	5.0	4.997822213877772	4225	0	4225	16182	96	0.0	5.00314639923829
219	recombined	h5l4	5	4	769.7852430002384	3617.157148584903	1928.3644922289586	106	5.0	5.0	4.997822213877772	4225	0	4225	16182	96	0.0	5.00314639923829
219	recombined	h5l5	5	5	769.7852430002384	3617.157148584903	1928.3644922289586	106	5.0	5.0	4.997822213877772	4225	4225	0	16182	96	0.0	5.00314639923829
219	recombined	h6l2	6	2	777.1561356282755	3653.126696449005	1947.4903077635968	106	6.0	6.0	5.995713556144787	4215	1	4214	16182	96	0.0	5.941018969547258
219	recombined	h6l3	6	3	777.1768076916483	3653.1473685123783	1947.4903077635968	106	6.0	6.0	5.995713556144787	4216	0	4216	16182	96	0.0	5.941018969547258
219	recombined	h6l4	6	4	777.1768076916483	3653.1473685123783	1947.4903077635968	106	6.0	6.0	5.995713556144787	4216	0	4216	16182	96	0.0	5.941018969547258
219	recombined	h6l5	6	5	777.1768076916483	3653.1473685123783	1947.4903077635968	106	6.0	6.0	5.995713556144787	4216	0	4216	16182	96	0.0	5.941018969547258
219	recombined	h8l2	8	2	782.3259860146576	3680.174465326576	1962.1195033805861	106	8.0	8.0	7.98312592545624	4182	5	4177	16182	96	0.0	7.563695498116886
219	recombined	h8l3	8	3	782.6951085710313	3680.5435878829494	1962.1195033805861	106	8.0	8.0	7.98312592545624	4180	2	4178	16182	96	0.0	7.704590635748353
219	recombined	h8l4	8	4	782.8249234644471	3680.673402776365	1962.1195033805861	106	8.0	8.0	7.98312592545624	4185	0	4185	16182	96	0.0	7.704590635748353
219	recombined	h8l5	8	5	782.8249234644471	3680.673402776365	1962.1195033805861	106	8.0	8.0	7.98312592545624	4185	0	4185	16182	96	0.0	7.704590635748353
219	recombined	h10l2	10	2	783.4862830453743	3686.860949310784	1965.8147705596898	106	10.0	10.0	9.93384575338737	4033	5	4028	16182	96	0.0	8.71826994773619
219	recombined	h10l3	10	3	783.9066251935982	3687.281291459007	1965.8147705596898	106	10.0	10.0	9.93384575338737	4036	5	4031	16182	96	0.0	8.71826994773619
219	recombined	h10l4	10	4	784.1366613338297	3687.5113275992385	1965.8147705596898	106	10.0	10.0	9.93384575338737	4041	5	4036	16182	96	0.0	8.872558351318645
219	recombined	h10l5	10	5	784.2347705674796	3687.609436832889	1965.8147705596898	106	10.0	10.0	9.93384575338737	4039	2	4037	16182	96	0.0	9.05422222733398
219	recombined	h12l2	12	2	783.7907608050821	3688.5406198506776	1966.7344101802933	106	12.0	12.0	11.752009920561022	3401	5	3396	16182	96	0.0	9.2487359989168
219	recombined	h12l3	12	3	784.2050761656742	3688.9549352112695	1966.7344101802933	106	12.0	12.0	11.752009920561022	3402	5	3397	16182	96	0.0	9.2487359989168
219	recombined	h12l4	12	4	784.4324174799203	3689.182276525516	1966.7344101802933	106	12.0	12.0	11.752009920561022	3402	5	3397	16182	96	0.0	9.2487359989168
219	recombined	h12l5	12	5	784.5493752033321	3689.2992342489274	1966.7344101802933	106	12.0	12.0	11.752009920561022	3400	3	3397	16182	96	0.0	9.427306383099058
219	recombined	h16l2	16	2	783.8677554171761	3688.94248965439	1966.953681045491	106	15.855023406347872	15.855023406347872	13.419770582150289	5	5	0	16182	96	0.0	9.427456724762578
219	recombined	h16l3	16	3	784.2821305481621	3689.3568647853767	1966.953681045491	106	15.855023406347872	15.855023406347872	13.419770582150289	5	5	0	16182	96	0.0	9.427456724762578
219	recombined	h16l4	16	4	784.509606097449	3689.584340334663	1966.953681045491	106	15.855023406347872	15.855023406347872	13.419770582150289	5	5	0	16182	96	0.0	9.427456724762578
219	recombined	h16l5	16	5	784.626630943065	3689.7013651802795	1966.953681045491	106	15.855023406347872	15.855023406347872	13.419770582150289	3	3	0	16182	96	0.0	9.429492515416676
219	switched	slow			784.8070159833107	1710.6666328676095	-12.261436307437954	106	15.85350045146661	15.85350045146661	13.419770582150289	0	0	0	16278	0	0.0	12.261436307437407
219	switched	fast			779.2821140989194	1705.4400912492517	-6.27650632353215	106	9.851799226844838	9.851799226844838	7.4130267163499255	0	0	0	0	16278	0.0	7.798202073698604
219	switched	witness			784.6738105777995	1710.6337227483318	-12.161141021204159	106	15.85350045146661	15.85350045146661	13.419770582150289	0	0	0	8116	8162	0.0	12.161141021204458
219	switched	h5l2	5	2	769.7852430002384	1683.756221283334	-5.036435072601317	106	5.0	5.0	4.997822213877772	2060	0	2060	8116	8162	0.0	5.036435072601535
219	switched	h5l3	5	3	769.7852430002384	1683.756221283334	-5.036435072601317	106	5.0	5.0	4.997822213877772	2060	0	2060	8116	8162	0.0	5.036435072601535
219	switched	h5l4	5	4	769.7852430002384	1683.756221283334	-5.036435072601317	106	5.0	5.0	4.997822213877772	2060	0	2060	8116	8162	0.0	5.036435072601535
219	switched	h5l5	5	5	769.7852430002384	1683.756221283334	-5.036435072601317	106	5.0	5.0	4.997822213877772	2060	2060	0	8116	8162	0.0	5.036435072601535
219	switched	h6l2	6	2	777.1561356282755	1699.6298952983018	-6.006493387115379	106	6.0	6.0	5.995713556144787	2052	1	2051	8116	8162	0.0	6.0064933871151425
219	switched	h6l3	6	3	777.1768076916483	1699.6505673616746	-6.006493387115379	106	6.0	6.0	5.995713556144787	2053	0	2053	8116	8162	0.0	6.0064933871151425
219	switched	h6l4	6	4	777.1768076916483	1699.6505673616746	-6.006493387115379	106	6.0	6.0	5.995713556144787	2053	0	2053	8116	8162	0.0	6.0064933871151425
219	switched	h6l5	6	5	777.1768076916483	1699.6505673616746	-6.006493387115379	106	6.0	6.0	5.995713556144787	2053	0	2053	8116	8162	0.0	6.0064933871151425
219	switched	h8l2	8	2	782.3259860146576	1710.111813231193	-7.9431487147871085	106	8.0	8.0	7.98312592545624	2029	5	2024	8116	8162	0.0	7.943148714786503
219	switched	h8l3	8	3	782.6951085710313	1710.4809357875665	-7.9431487147871085	106	8.0	8.0	7.98312592545624	2027	2	2025	8116	8162	0.0	7.943148714786503
219	switched	h8l4	8	4	782.8249234644471	1710.6107506809826	-7.9431487147871085	106	8.0	8.0	7.98312592545624	2032	0	2032	8116	8162	0.0	7.943148714786503
219	switched	h8l5	8	5	782.8249234644471	1710.6107506809826	-7.9431487147871085	106	8.0	8.0	7.98312592545624	2032	0	2032	8116	8162	0.0	7.943148714786503
219	switched	h10l2	10	2	783.4862830453743	1711.2799157195955	-9.766263031505058	106	10.0	10.0	9.93384575338737	1923	5	1918	8116	8162	0.0	9.766263031505332
219	switched	h10l3	10	3	783.9066251935982	1711.7002578678193	-9.766263031505058	106	10.0	10.0	9.93384575338737	1926	5	1921	8116	8162	0.0	9.766263031505332
219	switched	h10l4	10	4	784.1366613338297	1711.9302940080506	-9.766263031505058	106	10.0	10.0	9.93384575338737	1931	5	1926	8116	8162	0.0	9.766263031505332
219	switched	h10l5	10	5	784.2347705674796	1712.0284032417007	-9.766263031505058	106	10.0	10.0	9.93384575338737	1929	2	1927	8116	8162	0.0	9.766263031505332
219	switched	h12l2	12	2	783.7907608050821	1710.578250481831	-11.227959188577232	106	12.0	12.0	11.752009920561022	1590	5	1585	8116	8162	0.0	11.227959188577643
219	switched	h12l3	12	3	784.2050761656742	1710.9925658424233	-11.227959188577232	106	12.0	12.0	11.752009920561022	1591	5	1586	8116	8162	0.0	11.227959188577643
219	switched	h12l4	12	4	784.4324174799203	1711.2199071566695	-11.227959188577232	106	12.0	12.0	11.752009920561022	1591	5	1586	8116	8162	0.0	11.227959188577643
219	switched	h12l5	12	5	784.5493752033321	1711.3368648800813	-11.227959188577232	106	12.0	12.0	11.752009920561022	1589	3	1586	8116	8162	0.0	11.227959188577643
219	switched	h16l2	16	2	783.8677554171761	1710.1392784731631	-11.8495301357494	106	15.85350045146661	15.85350045146661	13.419770582150289	7	7	0	8116	8162	0.0	11.849530135748864
219	switched	h16l3	16	3	784.2821305481621	1710.2420427186944	-12.161141021204159	106	15.85350045146661	15.85350045146661	13.419770582150289	5	5	0	8116	8162	0.0	12.161141021204458
219	switched	h16l4	16	4	784.509606097449	1710.4695182679811	-12.161141021204159	106	15.85350045146661	15.85350045146661	13.419770582150289	5	5	0	8116	8162	0.0	12.161141021204458
219	switched	h16l5	16	5	784.626630943065	1710.5865431135971	-12.161141021204159	106	15.85350045146661	15.85350045146661	13.419770582150289	3	3	0	8116	8162	0.0	12.161141021204458
219	moved_mid	slow			784.8070159833107	2923.044010142942	1200.1159409678937	106	15.85350045146661	15.85350045146661	13.419770582150289	0	0	0	16278	0	0.0	12.282008303212933
219	moved_mid	fast			779.2821140989194	2901.501395462705	1189.7847978899163	106	9.851799226844838	9.851799226844838	7.4130267163499255	0	0	0	0	16278	0.0	7.798202073698604
219	moved_mid	witness			784.6738105777995	2922.599992124567	1199.8051283550367	106	15.85350045146661	15.85350045146661	13.419770582150289	0	0	0	15958	320	0.0	12.276746625145734
219	moved_mid	h5l2	5	2	769.7852430002384	2866.220435269045	1177.4277789131002	106	5.0	5.0	4.997822213877772	3547	0	3547	15958	320	0.0	5.0384040193721376
219	moved_mid	h5l3	5	3	769.7852430002384	2866.220435269045	1177.4277789131002	106	5.0	5.0	4.997822213877772	3547	0	3547	15958	320	0.0	5.0384040193721376
219	moved_mid	h5l4	5	4	769.7852430002384	2866.220435269045	1177.4277789131002	106	5.0	5.0	4.997822213877772	3547	0	3547	15958	320	0.0	5.0384040193721376
219	moved_mid	h5l5	5	5	769.7852430002384	2866.220435269045	1177.4277789131002	106	5.0	5.0	4.997822213877772	3547	3547	0	15958	320	0.0	5.0384040193721376
219	moved_mid	h6l2	6	2	777.1561356282755	2894.439481987225	1188.8030933018197	106	6.0	6.0	5.995713556144787	3536	1	3535	15958	320	0.0	6.010412381274364
219	moved_mid	h6l3	6	3	777.1768076916483	2894.4601540505973	1188.8030933018197	106	6.0	6.0	5.995713556144787	3537	0	3537	15958	320	0.0	6.010412381274364
219	moved_mid	h6l4	6	4	777.1768076916483	2894.4601540505973	1188.8030933018197	106	6.0	6.0	5.995713556144787	3537	0	3537	15958	320	0.0	6.010412381274364
219	moved_mid	h6l5	6	5	777.1768076916483	2894.4601540505973	1188.8030933018197	106	6.0	6.0	5.995713556144787	3537	0	3537	15958	320	0.0	6.010412381274364
219	moved_mid	h8l2	8	2	782.3259860146576	2915.24609463033	1197.1911326843506	106	8.0	8.0	7.98312592545624	3497	5	3492	15958	320	0.0	7.958386009751848
219	moved_mid	h8l3	8	3	782.6951085710313	2915.6152171867034	1197.1911326843506	106	8.0	8.0	7.98312592545624	3495	2	3493	15958	320	0.0	7.958386009751848
219	moved_mid	h8l4	8	4	782.8249234644471	2915.74503208012	1197.1911326843506	106	8.0	8.0	7.98312592545624	3500	0	3500	15958	320	0.0	7.958386009751848
219	moved_mid	h8l5	8	5	782.8249234644471	2915.74503208012	1197.1911326843506	106	8.0	8.0	7.98312592545624	3500	0	3500	15958	320	0.0	7.958386009751848
219	moved_mid	h10l2	10	2	783.4862830453743	2920.074350442118	1199.0281716910108	106	10.0	10.0	9.93384575338737	3313	9	3304	15958	320	0.0	9.821080956256083
219	moved_mid	h10l3	10	3	783.9066251935982	2920.675893707559	1199.2093728082268	106	10.0	10.0	9.93384575338737	3313	5	3308	15958	320	0.0	9.821080956256083
219	moved_mid	h10l4	10	4	784.1366613338297	2920.9059298477905	1199.2093728082268	106	10.0	10.0	9.93384575338737	3318	5	3313	15958	320	0.0	9.821080956256083
219	moved_mid	h10l5	10	5	784.2347705674796	2921.00403908144	1199.2093728082268	106	10.0	10.0	9.93384575338737	3316	2	3314	15958	320	0.0	9.821080956256083
219	moved_mid	h12l2	12	2	783.7907608050821	2920.2651175127003	1198.458907842286	106	12.0	12.0	11.752009920561022	2718	20	2698	15958	320	0.0	11.38440530742264
219	moved_mid	h12l3	12	3	784.2050761656742	2921.6649798270482	1199.4444547960384	106	12.0	12.0	11.752009920561022	2719	15	2704	15958	320	0.0	11.38440530742264
219	moved_mid	h12l4	12	4	784.4324174799203	2922.1213452554393	1199.6734789101852	106	12.0	12.0	11.752009920561022	2715	8	2707	15958	320	0.0	11.38440530742264
219	moved_mid	h12l5	12	5	784.5493752033321	2922.2670636085986	1199.702239539933	106	12.0	12.0	11.752009920561022	2710	3	2707	15958	320	0.0	11.38440530742264
219	moved_mid	h16l2	16	2	783.8677554171761	2919.685123877876	1197.696315268965	106	15.85350045146661	15.85350045146661	13.419770582150289	22	22	0	15958	320	0.0	12.276746625145734
219	moved_mid	h16l3	16	3	784.2821305481621	2921.551353869371	1199.1481701294722	106	15.85350045146661	15.85350045146661	13.419770582150289	20	20	0	15958	320	0.0	12.276746625145734
219	moved_mid	h16l4	16	4	784.509606097449	2922.3378667640677	1199.7072074748885	106	15.85350045146661	15.85350045146661	13.419770582150289	10	10	0	15958	320	0.0	12.276746625145734
219	moved_mid	h16l5	16	5	784.626630943065	2922.552705414671	1199.8050212798757	106	15.85350045146661	15.85350045146661	13.419770582150289	4	4	0	15958	320	0.0	12.276746625145734
219	unrelated	slow			0.0	0.0	0.0		0.0	0.0	0.0	0	0	0	0	0	0.0	0.0
219	unrelated	fast			0.0	0.0	0.0		0.0	0.0	0.0	0	0	0	0	0	0.0	0.0
219	unrelated	witness			0.0	0.0	0.0		0.0	0.0	0.0	0	0	0	0	0	0.0	0.0
219	unrelated	h5l2	5	2	0.0	0.0	0.0		0.0	0.0	0.0	0	0	0	0	0	0.0	0.0
219	unrelated	h5l3	5	3	0.0	0.0	0.0		0.0	0.0	0.0	0	0	0	0	0	0.0	0.0
219	unrelated	h5l4	5	4	0.0	0.0	0.0		0.0	0.0	0.0	0	0	0	0	0	0.0	0.0
219	unrelated	h5l5	5	5	0.0	0.0	0.0		0.0	0.0	0.0	0	0	0	0	0	0.0	0.0
219	unrelated	h6l2	6	2	0.0	0.0	0.0		0.0	0.0	0.0	0	0	0	0	0	0.0	0.0
219	unrelated	h6l3	6	3	0.0	0.0	0.0		0.0	0.0	0.0	0	0	0	0	0	0.0	0.0
219	unrelated	h6l4	6	4	0.0	0.0	0.0		0.0	0.0	0.0	0	0	0	0	0	0.0	0.0
219	unrelated	h6l5	6	5	0.0	0.0	0.0		0.0	0.0	0.0	0	0	0	0	0	0.0	0.0
219	unrelated	h8l2	8	2	0.0	0.0	0.0		0.0	0.0	0.0	0	0	0	0	0	0.0	0.0
219	unrelated	h8l3	8	3	0.0	0.0	0.0		0.0	0.0	0.0	0	0	0	0	0	0.0	0.0
219	unrelated	h8l4	8	4	0.0	0.0	0.0		0.0	0.0	0.0	0	0	0	0	0	0.0	0.0
219	unrelated	h8l5	8	5	0.0	0.0	0.0		0.0	0.0	0.0	0	0	0	0	0	0.0	0.0
219	unrelated	h10l2	10	2	0.0	0.0	0.0		0.0	0.0	0.0	0	0	0	0	0	0.0	0.0
219	unrelated	h10l3	10	3	0.0	0.0	0.0		0.0	0.0	0.0	0	0	0	0	0	0.0	0.0
219	unrelated	h10l4	10	4	0.0	0.0	0.0		0.0	0.0	0.0	0	0	0	0	0	0.0	0.0
219	unrelated	h10l5	10	5	0.0	0.0	0.0		0.0	0.0	0.0	0	0	0	0	0	0.0	0.0
219	unrelated	h12l2	12	2	0.0	0.0	0.0		0.0	0.0	0.0	0	0	0	0	0	0.0	0.0
219	unrelated	h12l3	12	3	0.0	0.0	0.0		0.0	0.0	0.0	0	0	0	0	0	0.0	0.0
219	unrelated	h12l4	12	4	0.0	0.0	0.0		0.0	0.0	0.0	0	0	0	0	0	0.0	0.0
219	unrelated	h12l5	12	5	0.0	0.0	0.0		0.0	0.0	0.0	0	0	0	0	0	0.0	0.0
219	unrelated	h16l2	16	2	0.0	0.0	0.0		0.0	0.0	0.0	0	0	0	0	0	0.0	0.0
219	unrelated	h16l3	16	3	0.0	0.0	0.0		0.0	0.0	0.0	0	0	0	0	0	0.0	0.0
219	unrelated	h16l4	16	4	0.0	0.0	0.0		0.0	0.0	0.0	0	0	0	0	0	0.0	0.0
219	unrelated	h16l5	16	5	0.0	0.0	0.0		0.0	0.0	0.0	0	0	0	0	0	0.0	0.0
220	recombined	slow			551.21700023564	2402.398021563475	1222.806885328177	1077	15.875930104152557	15.875930104152557	14.125447712080291	0	0	0	15307	0	0.0	13.377322589016131
220	recombined	fast			547.1320884069686	2381.2069379316904	1211.4831726679286	1077	9.873581055883628	9.873581055883628	8.120997044610275	0	0	0	0	15307	0.0	7.972508156209187
220	recombined	witness			550.9006373978775	2401.1006564160552	1222.2699010372205	1077	15.875930084821697	15.875930084821697	14.125447712080291	0	0	0	14372	935	0.0	13.373729793006135
220	recombined	h5l2	5	2	540.7343828116018	2352.4901178279138	1196.8123008845137	1077	5.0	5.0	4.998547788451092	3088	0	3088	14372	935	0.0	5.042145977791051
220	recombined	h5l3	5	3	540.7343828116018	2352.4901178279138	1196.8123008845137	1077	5.0	5.0	4.998547788451092	3088	0	3088	14372	935	0.0	5.042145977791051
220	recombined	h5l4	5	4	540.7343828116018	2352.4901178279138	1196.8123008845137	1077	5.0	5.0	4.998547788451092	3088	0	3088	14372	935	0.0	5.042145977791051
220	recombined	h5l5	5	5	540.7343828116018	2352.4901178279138	1196.8123008845137	1077	5.0	5.0	4.998547788451092	3088	3088	0	14372	935	0.0	5.042145977791051
220	recombined	h6l2	6	2	545.7893560197328	2376.5980870982094	1209.4327554334554	1077	6.0	6.0	5.997140977954343	3084	0	3084	14372	935	0.0	6.017875027707163
220	recombined	h6l3	6	3	545.7893560197328	2376.5980870982094	1209.4327554334554	1077	6.0	6.0	5.997140977954343	3084	0	3084	14372	935	0.0	6.017875027707163
220	recombined	h6l4	6	4	545.7893560197328	2376.5980870982094	1209.4327554334554	1077	6.0	6.0	5.997140977954343	3084	0	3084	14372	935	0.0	6.017875027707163
220	recombined	h6l5	6	5	545.7893560197328	2376.5980870982094	1209.4327554334554	1077	6.0	6.0	5.997140977954343	3084	0	3084	14372	935	0.0	6.017875027707163
220	recombined	h8l2	8	2	549.636974508319	2394.8459849823453	1218.9591384526288	1077	8.0	8.0	7.988728802006946	3049	4	3045	14372	935	0.0	7.987736750377934
220	recombined	h8l3	8	3	549.636974508319	2395.032384489981	1219.0903789159233	1077	8.0	8.0	7.988728802006946	3046	0	3046	14372	935	0.0	7.987736750377934
220	recombined	h8l4	8	4	549.636974508319	2395.032384489981	1219.0903789159233	1077	8.0	8.0	7.988728802006946	3046	0	3046	14372	935	0.0	7.987736750377934
220	recombined	h8l5	8	5	549.636974508319	2395.032384489981	1219.0903789159233	1077	8.0	8.0	7.988728802006946	3046	0	3046	14372	935	0.0	7.987736750377934
220	recombined	h10l2	10	2	550.022873137061	2396.4361602125423	1219.9918727234074	1077	10.0	10.0	9.955562186289168	2897	34	2863	14372	935	0.0	9.931150434930117
220	recombined	h10l3	10	3	550.5642591498577	2399.0895417777733	1221.2737910600115	1077	10.0	10.0	9.955562186289168	2895	18	2877	14372	935	0.0	9.931150434930117
220	recombined	h10l4	10	4	550.6035279566322	2399.6471642667425	1221.5037253878193	1077	10.0	10.0	9.955562186289168	2886	4	2882	14372	935	0.0	9.931150434930117
220	recombined	h10l5	10	5	550.6035279566322	2399.682948832073	1221.5287476969563	1077	10.0	10.0	9.955562186289168	2882	0	2882	14372	935	0.0	9.931150434930117
220	recombined	h12l2	12	2	549.6492005606622	2393.103345709486	1217.7949158313972	1077	12.0	12.0	11.830032193651418	2280	55	2225	14372	935	0.0	11.737778313650182
220	recombined	h12l3	12	3	550.3759293834939	2398.199535725087	1220.760315685572	1077	12.0	12.0	11.830032193651418	2300	42	2258	14372	935	0.0	11.737778313650182
220	recombined	h12l4	12	4	550.7542174364023	2400.2484233374826	1221.881577112937	1077	12.0	12.0	11.830032193651418	2302	26	2276	14372	935	0.0	11.737778313650182
220	recombined	h12l5	12	5	550.8409632590042	2400.7793982079165	1222.1078735558453	1077	12.0	12.0	11.830032193651418	2295	8	2287	14372	935	0.0	11.737778313650182
220	recombined	h16l2	16	2	549.3028123610147	2390.8045105558767	1216.5548724050493	1077	15.875929862554889	15.875929862554889	14.125447712080291	65	65	0	14372	935	0.0	13.373729793006135
220	recombined	h16l3	16	3	550.3303954411294	2397.179991075343	1220.1060233174821	1077	15.87593004103719	15.87593004103719	14.125447712080291	55	55	0	14372	935	0.0	13.373729793006135
220	recombined	h16l4	16	4	550.7136450345603	2399.9217463206687	1221.6454647446187	1077	15.875930084821697	15.875930084821697	14.125447712080291	40	40	0	14372	935	0.0	13.373729793006135
220	recombined	h16l5	16	5	550.8859486230222	2400.917653185894	1222.1695129863137	1077	15.875930084821697	15.875930084821697	14.125447712080291	18	18	0	14372	935	0.0	13.373729793006135
220	switched	slow			551.21700023564	1177.9576814522663	-1.6334547830324255	1077	15.875930104152557	15.875930104152557	14.125447712080291	0	0	0	15307	0	0.0	13.377322589016131
220	switched	fast			547.1320884069686	1173.8164115280138	4.092646264249019	1077	9.873581055883628	9.873581055883628	8.120997044610275	0	0	0	0	15307	0.0	7.761481278720339
220	switched	witness			550.9006373978775	1177.659159032562	-1.1715963462740817	1077	15.875930084821697	15.875930084821697	14.125447712080291	0	0	0	8274	7033	0.0	13.373729793006135
220	switched	h5l2	5	2	540.7343828116018	1159.8552409827341	4.177424039338044	1077	5.0	5.0	4.998547788451092	1428	0	1428	8274	7033	0.0	5.042145977791051
220	switched	h5l3	5	3	540.7343828116018	1159.8552409827341	4.177424039338044	1077	5.0	5.0	4.998547788451092	1428	0	1428	8274	7033	0.0	5.042145977791051
220	switched	h5l4	5	4	540.7343828116018	1159.8552409827341	4.177424039338044	1077	5.0	5.0	4.998547788451092	1428	0	1428	8274	7033	0.0	5.042145977791051
220	switched	h5l5	5	5	540.7343828116018	1159.8552409827341	4.177424039338044	1077	5.0	5.0	4.998547788451092	1428	1428	0	8274	7033	0.0	5.042145977791051
220	switched	h6l2	6	2	545.7893560197328	1170.4731657232724	3.3078340585171797	1077	6.0	6.0	5.997140977954343	1427	0	1427	8274	7033	0.0	6.017875027707163
220	switched	h6l3	6	3	545.7893560197328	1170.4731657232724	3.3078340585171797	1077	6.0	6.0	5.997140977954343	1427	0	1427	8274	7033	0.0	6.017875027707163
220	switched	h6l4	6	4	545.7893560197328	1170.4731657232724	3.3078340585171797	1077	6.0	6.0	5.997140977954343	1427	0	1427	8274	7033	0.0	6.017875027707163
220	switched	h6l5	6	5	545.7893560197328	1170.4731657232724	3.3078340585171797	1077	6.0	6.0	5.997140977954343	1427	0	1427	8274	7033	0.0	6.017875027707163
220	switched	h8l2	8	2	549.636974508319	1177.3916929713723	1.5048464416489882	1077	8.0	8.0	7.988728802006946	1412	2	1410	8274	7033	0.0	7.987736750377934
220	switched	h8l3	8	3	549.636974508319	1177.446852015713	1.5048464416489882	1077	8.0	8.0	7.988728802006946	1410	0	1410	8274	7033	0.0	7.987736750377934
220	switched	h8l4	8	4	549.636974508319	1177.446852015713	1.5048464416489882	1077	8.0	8.0	7.988728802006946	1410	0	1410	8274	7033	0.0	7.987736750377934
220	switched	h8l5	8	5	549.636974508319	1177.446852015713	1.5048464416489882	1077	8.0	8.0	7.988728802006946	1410	0	1410	8274	7033	0.0	7.987736750377934
220	switched	h10l2	10	2	550.022873137061	1176.7275454975163	0.28325800837346105	1077	10.0	10.0	9.955562186289168	1330	18	1312	8274	7033	0.0	9.931150434930117
220	switched	h10l3	10	3	550.5642591498577	1177.7744040856242	-0.04134663214512324	1077	10.0	10.0	9.955562186289168	1330	11	1319	8274	7033	0.0	9.931150434930117
220	switched	h10l4	10	4	550.6035279566322	1178.1020922467847	-0.04134663214512324	1077	10.0	10.0	9.955562186289168	1324	2	1322	8274	7033	0.0	9.931150434930117
220	switched	h10l5	10	5	550.6035279566322	1178.1128545029783	-0.04134663214512324	1077	10.0	10.0	9.955562186289168	1322	0	1322	8274	7033	0.0	9.931150434930117
220	switched	h12l2	12	2	549.6492005606622	1175.4764092275507	0.1679793494618229	1077	12.0	12.0	11.830032193651418	1055	23	1032	8274	7033	0.0	11.737778313650182
220	switched	h12l3	12	3	550.3759293834939	1176.9576955060993	-0.4815245334136219	1077	12.0	12.0	11.830032193651418	1065	20	1045	8274	7033	0.0	11.737778313650182
220	switched	h12l4	12	4	550.7542174364023	1177.5256283145911	-0.8412179099550281	1077	12.0	12.0	11.830032193651418	1065	14	1051	8274	7033	0.0	11.737778313650182
220	switched	h12l5	12	5	550.8409632590042	1177.8303067421164	-0.8412179099550281	1077	12.0	12.0	11.830032193651418	1063	5	1058	8274	7033	0.0	11.737778313650182
220	switched	h16l2	16	2	549.3028123610147	1174.384024095414	0.13438594458218223	1077	15.875929862554889	15.875929862554889	14.125447712080291	29	29	0	8274	7033	0.0	13.373729793006135
220	switched	h16l3	16	3	550.3303954411294	1176.5588498195648	-0.5151179382932626	1077	15.87593004103719	15.87593004103719	14.125447712080291	25	25	0	8274	7033	0.0	13.373729793006135
220	switched	h16l4	16	4	550.7136450345603	1177.1737013965019	-1.10258017953948	1077	15.875930084821697	15.875930084821697	14.125447712080291	20	20	0	8274	7033	0.0	13.373729793006135
220	switched	h16l5	16	5	550.8859486230222	1177.5765438533049	-1.1715963462740817	1077	15.875930084821697	15.875930084821697	14.125447712080291	9	9	0	8274	7033	0.0	13.373729793006135
220	moved_mid	slow			551.21700023564	1622.9848539134957	443.3937176781971	1077	15.875930104152557	15.875930104152557	14.125447712080291	0	0	0	15307	0	0.0	13.787016586097707
220	moved_mid	fast			547.1320884069686	1607.676948043998	437.9531827802385	1077	9.873581055883628	9.873581055883628	8.120997044610275	0	0	0	0	15307	0.0	8.315143586612066
220	moved_mid	witness			550.9006373978775	1619.1883112554847	440.3575558766495	1077	15.875930084821697	15.875930084821697	14.125447712080291	0	0	0	12532	2775	0.0	13.738583210006482
220	moved_mid	h5l2	5	2	540.7343828116018	1594.5860007894773	438.9081838460878	1077	5.0	5.0	4.998547788451092	2066	0	2066	12532	2775	0.0	5.04301887470956
220	moved_mid	h5l3	5	3	540.7343828116018	1594.5860007894773	438.9081838460878	1077	5.0	5.0	4.998547788451092	2066	0	2066	12532	2775	0.0	5.04301887470956
220	moved_mid	h5l4	5	4	540.7343828116018	1594.5860007894773	438.9081838460878	1077	5.0	5.0	4.998547788451092	2066	0	2066	12532	2775	0.0	5.04301887470956
220	moved_mid	h5l5	5	5	540.7343828116018	1594.5860007894773	438.9081838460878	1077	5.0	5.0	4.998547788451092	2066	2066	0	12532	2775	0.0	5.04301887470956
220	moved_mid	h6l2	6	2	545.7893560197328	1609.7298433175824	442.5645116528287	1077	6.0	6.0	5.997140977954343	2061	0	2061	12532	2775	0.0	6.0196186334289905
220	moved_mid	h6l3	6	3	545.7893560197328	1609.7298433175824	442.5645116528287	1077	6.0	6.0	5.997140977954343	2061	0	2061	12532	2775	0.0	6.0196186334289905
220	moved_mid	h6l4	6	4	545.7893560197328	1609.7298433175824	442.5645116528287	1077	6.0	6.0	5.997140977954343	2061	0	2061	12532	2775	0.0	6.0196186334289905
220	moved_mid	h6l5	6	5	545.7893560197328	1609.7298433175824	442.5645116528287	1077	6.0	6.0	5.997140977954343	2061	0	2061	12532	2775	0.0	6.0196186334289905
220	moved_mid	h8l2	8	2	549.636974508319	1619.7817285809595	443.894882051241	1077	8.0	8.0	7.988728802006946	2030	6	2024	12532	2775	0.0	7.994659124514101
220	moved_mid	h8l3	8	3	549.636974508319	1620.0856871986714	444.14368162461153	1077	8.0	8.0	7.988728802006946	2025	0	2025	12532	2775	0.0	7.994659124514101
220	moved_mid	h8l4	8	4	549.636974508319	1620.0856871986714	444.14368162461153	1077	8.0	8.0	7.988728802006946	2025	0	2025	12532	2775	0.0	7.994659124514101
220	moved_mid	h8l5	8	5	549.636974508319	1620.0856871986714	444.14368162461153	1077	8.0	8.0	7.988728802006946	2025	0	2025	12532	2775	0.0	7.994659124514101
220	moved_mid	h10l2	10	2	550.022873137061	1617.6330011948287	441.18871370568655	1077	10.0	10.0	9.955562186289168	1898	38	1860	12532	2775	0.0	9.95803786551528
220	moved_mid	h10l3	10	3	550.5642591498577	1620.550035708748	442.7342849909806	1077	10.0	10.0	9.955562186289168	1892	18	1874	12532	2775	0.0	9.95803786551528
220	moved_mid	h10l4	10	4	550.6035279566322	1621.2098876117996	443.06644873287377	1077	10.0	10.0	9.955562186289168	1886	5	1881	12532	2775	0.0	9.95803786551528
220	moved_mid	h10l5	10	5	550.6035279566322	1621.2688336902195	443.11463255509915	1077	10.0	10.0	9.955562186289168	1881	0	1881	12532	2775	0.0	9.95803786551528
220	moved_mid	h12l2	12	2	549.6492005606622	1612.3233693002871	437.01493942220236	1077	12.0	12.0	11.830032193651418	1458	61	1397	12532	2775	0.0	11.834184631675726
220	moved_mid	h12l3	12	3	550.3759293834939	1617.4968784761093	440.05765843659896	1077	12.0	12.0	11.830032193651418	1476	45	1431	12532	2775	0.0	11.834184631675953
220	moved_mid	h12l4	12	4	550.7542174364023	1619.6425946432587	441.27574841871916	1077	12.0	12.0	11.830032193651418	1470	25	1445	12532	2775	0.0	11.834184631675953
220	moved_mid	h12l5	12	5	550.8409632590042	1620.2378393139327	441.5663146618646	1077	12.0	12.0	11.830032193651418	1466	8	1458	12532	2775	0.0	11.834184631675726
220	moved_mid	h16l2	16	2	549.3028123610147	1608.4385920958837	434.1889539450528	1077	15.875929862554889	15.875929862554889	14.125447712080291	74	74	0	12532	2775	0.0	13.527764257364424
220	moved_mid	h16l3	16	3	550.3303954411294	1615.1699910955263	438.09602333767083	1077	15.87593004103719	15.87593004103719	14.125447712080291	56	56	0	12532	2775	0.0	13.738583210006254
220	moved_mid	h16l4	16	4	550.7136450345603	1617.9784035204257	439.70212194438716	1077	15.875930084821697	15.875930084821697	14.125447712080291	44	44	0	12532	2775	0.0	13.738583210006482
220	moved_mid	h16l5	16	5	550.8859486230222	1619.0221104176553	440.27397021807883	1077	15.875930084821697	15.875930084821697	14.125447712080291	19	19	0	12532	2775	0.0	13.738583210006482
220	unrelated	slow			0.0	0.0	0.0		0.0	0.0	0.0	0	0	0	0	0	0.0	0.0
220	unrelated	fast			0.0	0.0	0.0		0.0	0.0	0.0	0	0	0	0	0	0.0	0.0
220	unrelated	witness			0.0	0.0	0.0		0.0	0.0	0.0	0	0	0	0	0	0.0	0.0
220	unrelated	h5l2	5	2	0.0	0.0	0.0		0.0	0.0	0.0	0	0	0	0	0	0.0	0.0
220	unrelated	h5l3	5	3	0.0	0.0	0.0		0.0	0.0	0.0	0	0	0	0	0	0.0	0.0
220	unrelated	h5l4	5	4	0.0	0.0	0.0		0.0	0.0	0.0	0	0	0	0	0	0.0	0.0
220	unrelated	h5l5	5	5	0.0	0.0	0.0		0.0	0.0	0.0	0	0	0	0	0	0.0	0.0
220	unrelated	h6l2	6	2	0.0	0.0	0.0		0.0	0.0	0.0	0	0	0	0	0	0.0	0.0
220	unrelated	h6l3	6	3	0.0	0.0	0.0		0.0	0.0	0.0	0	0	0	0	0	0.0	0.0
220	unrelated	h6l4	6	4	0.0	0.0	0.0		0.0	0.0	0.0	0	0	0	0	0	0.0	0.0
220	unrelated	h6l5	6	5	0.0	0.0	0.0		0.0	0.0	0.0	0	0	0	0	0	0.0	0.0
220	unrelated	h8l2	8	2	0.0	0.0	0.0		0.0	0.0	0.0	0	0	0	0	0	0.0	0.0
220	unrelated	h8l3	8	3	0.0	0.0	0.0		0.0	0.0	0.0	0	0	0	0	0	0.0	0.0
220	unrelated	h8l4	8	4	0.0	0.0	0.0		0.0	0.0	0.0	0	0	0	0	0	0.0	0.0
220	unrelated	h8l5	8	5	0.0	0.0	0.0		0.0	0.0	0.0	0	0	0	0	0	0.0	0.0
220	unrelated	h10l2	10	2	0.0	0.0	0.0		0.0	0.0	0.0	0	0	0	0	0	0.0	0.0
220	unrelated	h10l3	10	3	0.0	0.0	0.0		0.0	0.0	0.0	0	0	0	0	0	0.0	0.0
220	unrelated	h10l4	10	4	0.0	0.0	0.0		0.0	0.0	0.0	0	0	0	0	0	0.0	0.0
220	unrelated	h10l5	10	5	0.0	0.0	0.0		0.0	0.0	0.0	0	0	0	0	0	0.0	0.0
220	unrelated	h12l2	12	2	0.0	0.0	0.0		0.0	0.0	0.0	0	0	0	0	0	0.0	0.0
220	unrelated	h12l3	12	3	0.0	0.0	0.0		0.0	0.0	0.0	0	0	0	0	0	0.0	0.0
220	unrelated	h12l4	12	4	0.0	0.0	0.0		0.0	0.0	0.0	0	0	0	0	0	0.0	0.0
220	unrelated	h12l5	12	5	0.0	0.0	0.0		0.0	0.0	0.0	0	0	0	0	0	0.0	0.0
220	unrelated	h16l2	16	2	0.0	0.0	0.0		0.0	0.0	0.0	0	0	0	0	0	0.0	0.0
220	unrelated	h16l3	16	3	0.0	0.0	0.0		0.0	0.0	0.0	0	0	0	0	0	0.0	0.0
220	unrelated	h16l4	16	4	0.0	0.0	0.0		0.0	0.0	0.0	0	0	0	0	0	0.0	0.0
220	unrelated	h16l5	16	5	0.0	0.0	0.0		0.0	0.0	0.0	0	0	0	0	0	0.0	0.0
221	recombined	slow			748.040763038537	3968.911858133781	2129.6066928000596	157	15.923548264615775	15.923548264615775	13.824004121601192	0	0	0	16227	0	-0.8924434266374619	14.105886759102859
221	recombined	fast			742.5786934480917	3948.7074382868736	2120.5450115978315	157	9.92207097237042	9.92207097237042	7.818763904975398	0	0	0	0	16227	-0.5684059089902442	8.134578507425928
221	recombined	witness			747.1319136571848	3967.595067198034	2129.288942405618	157	15.923548264615775	15.923548264615775	13.824003462254476	0	0	0	15278	949	-0.7764284267897279	14.102273819973988
221	recombined	h5l2	5	2	733.1760681993998	3892.5462220757745	2090.108935991861	157	5.0	5.0	4.999273717041489	4132	0	4132	15278	949	-0.6480706912333885	5.043385199969634
221	recombined	h5l3	5	3	733.1760681993998	3892.5462220757745	2090.108935991861	157	5.0	5.0	4.999273717041489	4132	0	4132	15278	949	-0.6480706912333885	5.043385199969634
221	recombined	h5l4	5	4	733.1760681993998	3892.5462220757745	2090.108935991861	157	5.0	5.0	4.999273717041489	4132	0	4132	15278	949	-0.6480706912333885	5.043385199969634
221	recombined	h5l5	5	5	733.1760681993998	3892.5462220757745	2090.108935991861	157	5.0	5.0	4.999273717041489	4132	4132	0	15278	949	-0.6480706912333885	5.043385199969634
221	recombined	h6l2	6	2	740.101524329448	3930.421995452304	2110.2042994857875	157	6.0	6.0	5.998569791659928	4127	0	4127	15278	949	-0.6480706912333885	6.02035067932411
221	recombined	h6l3	6	3	740.101524329448	3930.421995452304	2110.2042994857875	157	6.0	6.0	5.998569791659928	4127	0	4127	15278	949	-0.6480706912333885	6.02035067932411
221	recombined	h6l4	6	4	740.101524329448	3930.421995452304	2110.2042994857875	157	6.0	6.0	5.998569791659928	4127	0	4127	15278	949	-0.6480706912333885	6.02035067932411
221	recombined	h6l5	6	5	740.101524329448	3930.421995452304	2110.2042994857875	157	6.0	6.0	5.998569791659928	4127	0	4127	15278	949	-0.6480706912333885	6.02035067932411
221	recombined	h8l2	8	2	745.3327203893576	3958.661074824487	2124.9097627009746	157	8.0	8.0	7.994353436858858	4101	1	4100	15278	949	-0.6480706912333885	7.997572881153701
221	recombined	h8l3	8	3	745.3856226248566	3958.7139770599856	2124.9097627009746	157	8.0	8.0	7.994353436858858	4100	0	4100	15278	949	-0.6480706912333885	7.997572881153701
221	recombined	h8l4	8	4	745.3856226248566	3958.7139770599856	2124.9097627009746	157	8.0	8.0	7.994353436858858	4100	0	4100	15278	949	-0.6480706912333885	7.997572881153701
221	recombined	h8l5	8	5	745.3856226248566	3958.7139770599856	2124.9097627009746	157	8.0	8.0	7.994353436858858	4100	0	4100	15278	949	-0.6480706912333885	7.997572881153701
221	recombined	h10l2	10	2	746.5784880990723	3964.781584900163	2127.9126119525895	157	10.0	10.0	9.977610173024281	4019	8	4011	15278	949	-0.6480706912333885	9.969467679214176
221	recombined	h10l3	10	3	746.7154693250629	3965.4490216591016	2128.253389210691	157	10.0	10.0	9.977610173024281	4017	3	4014	15278	949	-0.7764284267897279	9.969467679214176
221	recombined	h10l4	10	4	746.7154693250629	3965.5228905131103	2128.291329502812	157	10.0	10.0	9.977610173024281	4014	0	4014	15278	949	-0.7764284267897279	9.969467679214176
221	recombined	h10l5	10	5	746.7154693250629	3965.5228905131103	2128.291329502812	157	10.0	10.0	9.977610173024281	4014	0	4014	15278	949	-0.7764284267897279	9.969467679214176
221	recombined	h12l2	12	2	746.823964792445	3964.2481281610394	2127.3806979143424	157	12.0	12.0	11.912515144802397	3456	23	3433	15278	949	-0.6480706912333885	11.876057481956522
221	recombined	h12l3	12	3	747.046287571262	3966.591403550972	2128.756428581844	157	12.0	12.0	11.912515144802397	3454	11	3443	15278	949	-0.7764284267897279	11.876625732186767
221	recombined	h12l4	12	4	747.046287571262	3967.0560384521737	2129.0062389260324	157	12.0	12.0	11.912515144802397	3451	4	3447	15278	949	-0.7764284267897279	11.876625732186767
221	recombined	h12l5	12	5	747.046287571262	3967.170827749235	2129.08468418202	157	12.0	12.0	11.912515144802397	3452	0	3452	15278	949	-0.7764284267897279	11.876625732186767
221	recombined	h16l2	16	2	746.6385395993658	3962.497571895637	2126.0917386611713	157	15.923548264615775	15.923548264615775	13.823977367890848	32	32	0	15278	949	-0.6480706912333885	14.102273819973988
221	recombined	h16l3	16	3	747.1083298341856	3965.924592157188	2128.2365732075873	157	15.923548264615775	15.923548264615775	13.823992158318392	23	23	0	15278	949	-0.7764284267897279	14.102273819973988
221	recombined	h16l4	16	4	747.1319136571848	3967.2347386846536	2129.096956821121	157	15.923548264615775	15.923548264615775	13.823999553589024	14	14	0	15278	949	-0.7764284267897279	14.102273819973988
221	recombined	h16l5	16	5	747.1319136571848	3967.548717023959	2129.2566732047367	157	15.923548264615775	15.923548264615775	13.824003219770331	5	5	0	15278	949	-0.7764284267897279	14.102273819973988
221	switched	slow			748.040763038537	1833.177885777875	-6.1272795558456075	157	15.923548264615775	15.923548264615775	13.824004121601192	0	0	0	16227	0	-0.8924434266374619	14.105886759102859
221	switched	fast			742.5786934480917	1827.9884526392752	-0.17397404976991135	157	9.92207097237042	9.92207097237042	7.818763904975398	0	0	0	0	16227	-0.5684059089902442	8.162657819027345
221	switched	witness			747.1319136571848	1832.285977962627	-6.02014682980187	157	15.923548264615775	15.923548264615775	13.824003462254476	0	0	0	8856	7371	-0.7764284267897279	14.102273819973988
221	switched	h5l2	5	2	733.1760681993998	1805.195556216221	2.7582701322975742	157	5.0	5.0	4.999273717041489	1881	0	1881	8856	7371	-0.6480706912333885	5.043380365418699
221	switched	h5l3	5	3	733.1760681993998	1805.195556216221	2.7582701322975742	157	5.0	5.0	4.999273717041489	1881	0	1881	8856	7371	-0.6480706912333885	5.043380365418699
221	switched	h5l4	5	4	733.1760681993998	1805.195556216221	2.7582701322975742	157	5.0	5.0	4.999273717041489	1881	0	1881	8856	7371	-0.6480706912333885	5.043380365418699
221	switched	h5l5	5	5	733.1760681993998	1805.195556216221	2.7582701322975742	157	5.0	5.0	4.999273717041489	1881	1881	0	8856	7371	-0.6480706912333885	5.043380365418699
221	switched	h6l2	6	2	740.101524329448	1822.0710986591146	1.85340269260193	157	6.0	6.0	5.998569791659928	1880	0	1880	8856	7371	-0.6480706912333885	6.020341016994038
221	switched	h6l3	6	3	740.101524329448	1822.0710986591146	1.85340269260193	157	6.0	6.0	5.998569791659928	1880	0	1880	8856	7371	-0.6480706912333885	6.020341016994038
221	switched	h6l4	6	4	740.101524329448	1822.0710986591146	1.85340269260193	157	6.0	6.0	5.998569791659928	1880	0	1880	8856	7371	-0.6480706912333885	6.020341016994038
221	switched	h6l5	6	5	740.101524329448	1822.0710986591146	1.85340269260193	157	6.0	6.0	5.998569791659928	1880	0	1880	8856	7371	-0.6480706912333885	6.020341016994038
221	switched	h8l2	8	2	745.3327203893576	1833.6851906681054	-0.06612145541574505	157	8.0	8.0	7.994353436858858	1866	1	1865	8856	7371	-0.6480706912333885	7.997534393542708
221	switched	h8l3	8	3	745.3856226248566	1833.7380929036044	-0.06612145541574505	157	8.0	8.0	7.994353436858858	1865	0	1865	8856	7371	-0.6480706912333885	7.997534393542708
221	switched	h8l4	8	4	745.3856226248566	1833.7380929036044	-0.06612145541574505	157	8.0	8.0	7.994353436858858	1865	0	1865	8856	7371	-0.6480706912333885	7.997534393542708
221	switched	h8l5	8	5	745.3856226248566	1833.7380929036044	-0.06612145541574505	157	8.0	8.0	7.994353436858858	1865	0	1865	8856	7371	-0.6480706912333885	7.997534393542708
221	switched	h10l2	10	2	746.5784880990723	1834.8565429368616	-2.0124300107139015	157	10.0	10.0	9.977610173024281	1833	4	1829	8856	7371	-0.6480706912333885	9.96931626289367
221	switched	h10l3	10	3	746.7154693250629	1835.1832024376986	-2.0124300107139015	157	10.0	10.0	9.977610173024281	1831	1	1830	8856	7371	-0.7764284267897279	9.96931626289367
221	switched	h10l4	10	4	746.7154693250629	1835.2191309995865	-2.0124300107139015	157	10.0	10.0	9.977610173024281	1830	0	1830	8856	7371	-0.7764284267897279	9.96931626289367
221	switched	h10l5	10	5	746.7154693250629	1835.2191309995865	-2.0124300107139015	157	10.0	10.0	9.977610173024281	1830	0	1830	8856	7371	-0.7764284267897279	9.96931626289367
221	switched	h12l2	12	2	746.823964792445	1832.9939559601728	-3.873474286530827	157	12.0	12.0	11.912515144802397	1586	9	1577	8856	7371	-0.6480706912333885	11.876057481956522
221	switched	h12l3	12	3	747.046287571262	1833.9615006826086	-3.873474286530827	157	12.0	12.0	11.912515144802397	1588	6	1582	8856	7371	-0.7764284267897279	11.876057481956522
221	switched	h12l4	12	4	747.046287571262	1834.1763252396197	-3.873474286530827	157	12.0	12.0	11.912515144802397	1586	1	1585	8856	7371	-0.7764284267897279	11.876057481956522
221	switched	h12l5	12	5	747.046287571262	1834.2126692806976	-3.873474286530827	157	12.0	12.0	11.912515144802397	1587	0	1587	8856	7371	-0.7764284267897279	11.876057481956522
221	switched	h16l2	16	2	746.6385395993658	1830.784695503129	-5.621137731339163	157	15.923548264615775	15.923548264615775	13.823977367890848	15	15	0	8856	7371	-0.6480706912333885	14.102273819973988
221	switched	h16l3	16	3	747.1083298341856	1831.6678721696085	-6.020146779998024	157	15.923548264615775	15.923548264615775	13.823992158318392	8	8	0	8856	7371	-0.7764284267897279	14.102273819973988
221	switched	h16l4	16	4	747.1319136571848	1832.1176350509506	-6.02014681258078	157	15.923548264615775	15.923548264615775	13.823999553589024	7	7	0	8856	7371	-0.7764284267897279	14.102273819973988
221	switched	h16l5	16	5	747.1319136571848	1832.2718969904997	-6.020146828733505	157	15.923548264615775	15.923548264615775	13.824003219770331	2	2	0	8856	7371	-0.7764284267897279	14.102273819973988
221	moved_mid	slow			748.040763038537	2962.2856579050176	1122.9804925712933	157	15.923548264615775	15.923548264615775	13.824004121601192	0	0	0	16227	0	-0.8924434266374619	14.105886759102859
221	moved_mid	fast			742.5786934480917	2942.8850001539417	1114.7225734649076	157	9.92207097237042	9.92207097237042	7.818763904975398	0	0	0	0	16227	-0.5684059089902442	8.134578507425928
221	moved_mid	witness			747.1319136571848	2959.3662394342346	1121.0601146417978	157	15.923548264615775	15.923548264615775	13.824003462254476	0	0	0	14123	2104	-0.7764284267897279	14.102273819973988
221	moved_mid	h5l2	5	2	733.1760681993998	2905.0199455199445	1102.582659436016	157	5.0	5.0	4.999273717041489	3131	0	3131	14123	2104	-0.6480706912333885	5.04367795444341
221	moved_mid	h5l3	5	3	733.1760681993998	2905.0199455199445	1102.582659436016	157	5.0	5.0	4.999273717041489	3131	0	3131	14123	2104	-0.6480706912333885	5.04367795444341
221	moved_mid	h5l4	5	4	733.1760681993998	2905.0199455199445	1102.582659436016	157	5.0	5.0	4.999273717041489	3131	0	3131	14123	2104	-0.6480706912333885	5.04367795444341
221	moved_mid	h5l5	5	5	733.1760681993998	2905.0199455199445	1102.582659436016	157	5.0	5.0	4.999273717041489	3131	3131	0	14123	2104	-0.6480706912333885	5.04367795444341
221	moved_mid	h6l2	6	2	740.101524329448	2933.0324794337716	1112.8147834672548	157	6.0	6.0	5.998569791659928	3130	0	3130	14123	2104	-0.6480706912333885	6.020935838530477
221	moved_mid	h6l3	6	3	740.101524329448	2933.0324794337716	1112.8147834672548	157	6.0	6.0	5.998569791659928	3130	0	3130	14123	2104	-0.6480706912333885	6.020935838530477
221	moved_mid	h6l4	6	4	740.101524329448	2933.0324794337716	1112.8147834672548	157	6.0	6.0	5.998569791659928	3130	0	3130	14123	2104	-0.6480706912333885	6.020935838530477
221	moved_mid	h6l5	6	5	740.101524329448	2933.0324794337716	1112.8147834672548	157	6.0	6.0	5.998569791659928	3130	0	3130	14123	2104	-0.6480706912333885	6.020935838530477
221	moved_mid	h8l2	8	2	745.3327203893576	2953.394416293754	1119.6431041702356	157	8.0	8.0	7.994353436858858	3105	4	3101	14123	2104	-0.6480706912333885	7.999905159505488
221	moved_mid	h8l3	8	3	745.3856226248566	2953.550874288646	1119.7466599296283	157	8.0	8.0	7.994353436858858	3101	0	3101	14123	2104	-0.6480706912333885	7.999905159505488
221	moved_mid	h8l4	8	4	745.3856226248566	2953.550874288646	1119.7466599296283	157	8.0	8.0	7.994353436858858	3101	0	3101	14123	2104	-0.6480706912333885	7.999905159505488
221	moved_mid	h8l5	8	5	745.3856226248566	2953.550874288646	1119.7466599296283	157	8.0	8.0	7.994353436858858	3101	0	3101	14123	2104	-0.6480706912333885	7.999905159505488
221	moved_mid	h10l2	10	2	746.5784880990723	2955.53722737198	1118.6682544243972	157	10.0	10.0	9.977610173024281	3023	23	3000	14123	2104	-0.6480706912333885	9.978665433040078
221	moved_mid	h10l3	10	3	746.7154693250629	2957.7331977589542	1120.5375653105411	157	10.0	10.0	9.977610173024281	3022	8	3014	14123	2104	-0.7764284267897279	9.978665433040078
221	moved_mid	h10l4	10	4	746.7154693250629	2958.125735155509	1120.8941741452109	157	10.0	10.0	9.977610173024281	3020	3	3017	14123	2104	-0.7764284267897279	9.978665433040078
221	moved_mid	h10l5	10	5	746.7154693250629	2958.1372249911024	1120.9056639808027	157	10.0	10.0	9.977610173024281	3017	0	3017	14123	2104	-0.7764284267897279	9.978665433040078
221	moved_mid	h12l2	12	2	746.823964792445	2953.1517083165254	1116.2842780698331	157	12.0	12.0	11.912515144802397	2600	41	2559	14123	2104	-0.6480706912333885	11.911456235992318
221	moved_mid	h12l3	12	3	747.046287571262	2957.162414661576	1119.3274396924473	157	12.0	12.0	11.912515144802397	2606	28	2578	14123	2104	-0.7764284267897279	11.911456235992318
221	moved_mid	h12l4	12	4	747.046287571262	2958.681748240594	1120.6319487144485	157	12.0	12.0	11.912515144802397	2609	15	2594	14123	2104	-0.7764284267897279	11.911456235992318
221	moved_mid	h12l5	12	5	747.046287571262	2959.0705274435795	1120.9843838763647	157	12.0	12.0	11.912515144802397	2603	3	2600	14123	2104	-0.7764284267897279	11.911456235992318
221	moved_mid	h16l2	16	2	746.6385395993658	2950.723608972633	1114.3177757381638	157	15.923548264615775	15.923548264615775	13.823977367890848	59	59	0	14123	2104	-0.6480706912333885	14.102273819973988
221	moved_mid	h16l3	16	3	747.1083298341856	2956.1241659336474	1118.4361469840487	157	15.923548264615775	15.923548264615775	13.823992158318392	40	40	0	14123	2104	-0.7764284267897279	14.102273819973988
221	moved_mid	h16l4	16	4	747.1319136571848	2958.3702821178485	1120.2325002543137	157	15.923548264615775	15.923548264615775	13.823999553589024	29	29	0	14123	2104	-0.7764284267897279	14.102273819973988
221	moved_mid	h16l5	16	5	747.1319136571848	2959.20536365496	1120.913319835732	157	15.923548264615775	15.923548264615775	13.824003219770331	16	16	0	14123	2104	-0.7764284267897279	14.102273819973988
221	unrelated	slow			0.0	0.0	0.0		0.0	0.0	0.0	0	0	0	0	0	0.0	0.0
221	unrelated	fast			0.0	0.0	0.0		0.0	0.0	0.0	0	0	0	0	0	0.0	0.0
221	unrelated	witness			0.0	0.0	0.0		0.0	0.0	0.0	0	0	0	0	0	0.0	0.0
221	unrelated	h5l2	5	2	0.0	0.0	0.0		0.0	0.0	0.0	0	0	0	0	0	0.0	0.0
221	unrelated	h5l3	5	3	0.0	0.0	0.0		0.0	0.0	0.0	0	0	0	0	0	0.0	0.0
221	unrelated	h5l4	5	4	0.0	0.0	0.0		0.0	0.0	0.0	0	0	0	0	0	0.0	0.0
221	unrelated	h5l5	5	5	0.0	0.0	0.0		0.0	0.0	0.0	0	0	0	0	0	0.0	0.0
221	unrelated	h6l2	6	2	0.0	0.0	0.0		0.0	0.0	0.0	0	0	0	0	0	0.0	0.0
221	unrelated	h6l3	6	3	0.0	0.0	0.0		0.0	0.0	0.0	0	0	0	0	0	0.0	0.0
221	unrelated	h6l4	6	4	0.0	0.0	0.0		0.0	0.0	0.0	0	0	0	0	0	0.0	0.0
221	unrelated	h6l5	6	5	0.0	0.0	0.0		0.0	0.0	0.0	0	0	0	0	0	0.0	0.0
221	unrelated	h8l2	8	2	0.0	0.0	0.0		0.0	0.0	0.0	0	0	0	0	0	0.0	0.0
221	unrelated	h8l3	8	3	0.0	0.0	0.0		0.0	0.0	0.0	0	0	0	0	0	0.0	0.0
221	unrelated	h8l4	8	4	0.0	0.0	0.0		0.0	0.0	0.0	0	0	0	0	0	0.0	0.0
221	unrelated	h8l5	8	5	0.0	0.0	0.0		0.0	0.0	0.0	0	0	0	0	0	0.0	0.0
221	unrelated	h10l2	10	2	0.0	0.0	0.0		0.0	0.0	0.0	0	0	0	0	0	0.0	0.0
221	unrelated	h10l3	10	3	0.0	0.0	0.0		0.0	0.0	0.0	0	0	0	0	0	0.0	0.0
221	unrelated	h10l4	10	4	0.0	0.0	0.0		0.0	0.0	0.0	0	0	0	0	0	0.0	0.0
221	unrelated	h10l5	10	5	0.0	0.0	0.0		0.0	0.0	0.0	0	0	0	0	0	0.0	0.0
221	unrelated	h12l2	12	2	0.0	0.0	0.0		0.0	0.0	0.0	0	0	0	0	0	0.0	0.0
221	unrelated	h12l3	12	3	0.0	0.0	0.0		0.0	0.0	0.0	0	0	0	0	0	0.0	0.0
221	unrelated	h12l4	12	4	0.0	0.0	0.0		0.0	0.0	0.0	0	0	0	0	0	0.0	0.0
221	unrelated	h12l5	12	5	0.0	0.0	0.0		0.0	0.0	0.0	0	0	0	0	0	0.0	0.0
221	unrelated	h16l2	16	2	0.0	0.0	0.0		0.0	0.0	0.0	0	0	0	0	0	0.0	0.0
221	unrelated	h16l3	16	3	0.0	0.0	0.0		0.0	0.0	0.0	0	0	0	0	0	0.0	0.0
221	unrelated	h16l4	16	4	0.0	0.0	0.0		0.0	0.0	0.0	0	0	0	0	0	0.0	0.0
221	unrelated	h16l5	16	5	0.0	0.0	0.0		0.0	0.0	0.0	0	0	0	0	0	0.0	0.0
222	recombined	slow			773.7335131196934	3482.594126423649	1771.219531111859	70	15.916637564222134	15.916637564222134	12.381799933743448	0	0	0	16314	0	0.0	12.23104727686723
222	recombined	fast			768.197690444296	3459.9767088931976	1759.8547491005713	70	9.915007174404709	9.915007174404709	6.367572908980758	0	0	0	0	16314	0.0	7.790274461225636
222	recombined	witness			773.4546143019044	3482.0751803646826	1770.9975221026762	70	15.916637564222134	15.916637564222134	12.381799933743448	0	0	0	15940	374	0.0	12.20311742775607
222	recombined	h5l2	5	2	759.009945277005	3413.1483642966446	1735.827342238619	70	5.0	5.0	4.999273717041489	4234	0	4234	15940	374	0.0	5.0386530721327745
222	recombined	h5l3	5	3	759.009945277005	3413.1483642966446	1735.827342238619	70	5.0	5.0	4.999273717041489	4234	0	4234	15940	374	0.0	5.0386530721327745
222	recombined	h5l4	5	4	759.009945277005	3413.1483642966446	1735.827342238619	70	5.0	5.0	4.999273717041489	4234	0	4234	15940	374	0.0	5.0386530721327745
222	recombined	h5l5	5	5	759.009945277005	3413.1483642966446	1735.827342238619	70	5.0	5.0	4.999273717041489	4234	4234	0	15940	374	0.0	5.0386530721327745
222	recombined	h6l2	6	2	766.1856417620628	3447.321620833942	1753.258253203823	70	6.0	6.0	5.998569791659928	4231	0	4231	15940	374	0.0	6.010908473924019
222	recombined	h6l3	6	3	766.1856417620628	3447.321620833942	1753.258253203823	70	6.0	6.0	5.998569791659928	4231	0	4231	15940	374	0.0	6.010908473924019
222	recombined	h6l4	6	4	766.1856417620628	3447.321620833942	1753.258253203823	70	6.0	6.0	5.998569791659928	4231	0	4231	15940	374	0.0	6.010908473924019
222	recombined	h6l5	6	5	766.1856417620628	3447.321620833942	1753.258253203823	70	6.0	6.0	5.998569791659928	4231	0	4231	15940	374	0.0	6.010908473924019
222	recombined	h8l2	8	2	771.230402280259	3473.0258924181603	1766.5923034706054	70	8.0	8.0	7.982516309804233	4193	8	4185	15940	374	0.0	7.960323405835425
222	recombined	h8l3	8	3	771.6117050187648	3473.407195156666	1766.5923034706054	70	8.0	8.0	7.982516309804233	4189	2	4187	15940	374	0.0	7.960323405835425
222	recombined	h8l4	8	4	771.6580121694075	3473.453502307309	1766.5923034706054	70	8.0	8.0	7.982516309804233	4191	0	4191	15940	374	0.0	7.960323405835425
222	recombined	h8l5	8	5	771.6580121694075	3473.453502307309	1766.5923034706054	70	8.0	8.0	7.982516309804233	4191	0	4191	15940	374	0.0	7.960323405835425
222	recombined	h10l2	10	2	771.7240036147971	3477.4230003332427	1768.7749155039926	70	10.0	10.0	9.823374826939235	4044	32	4012	15940	374	0.0	9.828160222462884
222	recombined	h10l3	10	3	772.5568544877358	3479.406240225207	1769.794880504084	70	10.0	10.0	9.823374826939235	4040	16	4024	15940	374	0.0	9.828160222462884
222	recombined	h10l4	10	4	772.9323737740963	3479.9464817866724	1769.959602779187	70	10.0	10.0	9.823374826939235	4036	6	4030	15940	374	0.0	9.828160222462884
222	recombined	h10l5	10	5	773.0268506804307	3480.040958693007	1769.959602779187	70	10.0	10.0	9.823374826939235	4032	2	4030	15940	374	0.0	9.828160222462884
222	recombined	h12l2	12	2	771.6060403429452	3476.420449988008	1767.6327052159336	70	12.0	12.0	11.319752702045133	3253	40	3213	15940	374	0.0	11.405443638994711
222	recombined	h12l3	12	3	772.6009121202829	3479.5924355396137	1769.581373178939	70	12.0	12.0	11.319752702045133	3261	37	3224	15940	374	0.0	11.405443638994711
222	recombined	h12l4	12	4	773.0999822607395	3481.1702995349624	1770.5737306695614	70	12.0	12.0	11.319752702045133	3259	25	3234	15940	374	0.0	11.405443638994711
222	recombined	h12l5	12	5	773.3096844739574	3481.600347505376	1770.7758522299273	70	12.0	12.0	11.319752702045133	3248	9	3239	15940	374	0.0	11.405443638994711
222	recombined	h16l2	16	2	771.379369313201	3475.4978730752564	1767.0376809333757	70	15.916637564222134	15.916637564222134	12.381799933743448	48	48	0	15940	374	0.0	11.929236041251215
222	recombined	h16l3	16	3	772.5418556605629	3479.2712991838616	1769.2901434611313	70	15.916637564222134	15.916637564222134	12.381799933743448	42	42	0	15940	374	0.0	12.203100157272047
222	recombined	h16l4	16	4	773.120396759428	3481.128534655574	1770.4319952212395	70	15.916637564222134	15.916637564222134	12.381799933743448	37	37	0	15940	374	0.0	12.203111077566064
222	recombined	h16l5	16	5	773.3718070342801	3481.896616604291	1770.903750989748	70	15.916637564222134	15.916637564222134	12.381799933743448	19	19	0	15940	374	0.0	12.203116537744563
222	switched	slow			773.7335131196934	1700.8427317908606	-10.531863520928272	70	15.916342260966	15.916342260966	12.381799933743448	0	0	0	16314	0	0.0	12.470746125256483
222	switched	fast			768.197690444296	1695.5634889982239	-4.558470794404591	70	9.914722327972282	9.914722327972282	6.367572908980758	0	0	0	0	16314	0.0	7.216682482146268
222	switched	witness			773.4546143019044	1700.6734305740817	-10.40422768792251	70	15.916342260966	15.916342260966	12.381799933743448	0	0	0	7972	8342	0.0	12.343110292253641
222	switched	h5l2	5	2	759.009945277005	1674.1748618669571	-3.146160191055311	70	5.0	5.0	4.999273717041489	2122	0	2122	7972	8342	0.0	5.0430154035439045
222	switched	h5l3	5	3	759.009945277005	1674.1748618669571	-3.146160191055311	70	5.0	5.0	4.999273717041489	2122	0	2122	7972	8342	0.0	5.0430154035439045
222	switched	h5l4	5	4	759.009945277005	1674.1748618669571	-3.146160191055311	70	5.0	5.0	4.999273717041489	2122	0	2122	7972	8342	0.0	5.0430154035439045
222	switched	h5l5	5	5	759.009945277005	1674.1748618669571	-3.146160191055311	70	5.0	5.0	4.999273717041489	2122	2122	0	7972	8342	0.0	5.0430154035439045
222	switched	h6l2	6	2	766.1856417620628	1689.9614848335839	-4.101882796547459	70	6.0	6.0	5.998569791659928	2119	0	2119	7972	8342	0.0	6.019611697713799
222	switched	h6l3	6	3	766.1856417620628	1689.9614848335839	-4.101882796547459	70	6.0	6.0	5.998569791659928	2119	0	2119	7972	8342	0.0	6.019611697713799
222	switched	h6l4	6	4	766.1856417620628	1689.9614848335839	-4.101882796547459	70	6.0	6.0	5.998569791659928	2119	0	2119	7972	8342	0.0	6.019611697713799
222	switched	h6l5	6	5	766.1856417620628	1689.9614848335839	-4.101882796547459	70	6.0	6.0	5.998569791659928	2119	0	2119	7972	8342	0.0	6.019611697713799
222	switched	h8l2	8	2	771.230402280259	1700.3726565926088	-6.060932354950523	70	8.0	8.0	7.982516309804233	2098	8	2090	7972	8342	0.0	7.9946315394038265
222	switched	h8l3	8	3	771.6117050187648	1700.7539593311146	-6.060932354950523	70	8.0	8.0	7.982516309804233	2094	2	2092	7972	8342	0.0	7.9946315394038265
222	switched	h8l4	8	4	771.6580121694075	1700.8002664817575	-6.060932354950523	70	8.0	8.0	7.982516309804233	2096	0	2096	7972	8342	0.0	7.9946315394038265
222	switched	h8l5	8	5	771.6580121694075	1700.8002664817575	-6.060932354950523	70	8.0	8.0	7.982516309804233	2096	0	2096	7972	8342	0.0	7.9946315394038265
222	switched	h10l2	10	2	771.7240036147971	1700.9083111787127	-7.739773650522821	70	10.0	10.0	9.823374826939235	2027	17	2010	7972	8342	0.0	9.677485081400164
222	switched	h10l3	10	3	772.5568544877358	1701.5915734380847	-8.019786283023171	70	10.0	10.0	9.823374826939235	2029	12	2017	7972	8342	0.0	9.957497713900011
222	switched	h10l4	10	4	772.9323737740963	1701.9670927244451	-8.019786283023171	70	10.0	10.0	9.823374826939235	2028	6	2022	7972	8342	0.0	9.957497713900011
222	switched	h10l5	10	5	773.0268506804307	1702.0615696307796	-8.019786283023171	70	10.0	10.0	9.823374826939235	2024	2	2022	7972	8342	0.0	9.957497713900011
222	switched	h12l2	12	2	771.6060403429452	1700.877614832117	-7.910129939979271	70	12.0	12.0	11.319752702045133	1593	19	1574	7972	8342	0.0	10.928600642324
222	switched	h12l3	12	3	772.6009121202829	1701.2721055444076	-8.738956816286223	70	12.0	12.0	11.319752702045133	1594	17	1577	7972	8342	0.0	10.928600642324
222	switched	h12l4	12	4	773.0999822607395	1700.9776666137918	-9.618902251626938	70	12.0	12.0	11.319752702045133	1596	15	1581	7972	8342	0.0	11.557554855994567
222	switched	h12l5	12	5	773.3096844739574	1701.1886647591068	-9.635830516355878	70	12.0	12.0	11.319752702045133	1590	7	1583	7972	8342	0.0	11.574483120725063
222	switched	h16l2	16	2	771.379369313201	1700.513489366094	-7.946702775780347	70	15.916342260966	15.916342260966	12.381799933743448	23	23	0	7972	8342	0.0	11.418520319805111
222	switched	h16l3	16	3	772.5418556605629	1701.2056260706408	-8.7755296520873	70	15.916342260966	15.916342260966	12.381799933743448	21	21	0	7972	8342	0.0	11.418520319805111
222	switched	h16l4	16	4	773.120396759428	1701.0410643469027	-9.655475087428012	70	15.916342260966	15.916342260966	12.381799933743448	17	17	0	7972	8342	0.0	11.594357691757978
222	switched	h16l5	16	5	773.3718070342801	1700.58863792662	-10.40422768792251	70	15.916342260966	15.916342260966	12.381799933743448	10	10	0	7972	8342	0.0	12.343110292253641
222	moved_mid	slow			773.7335131196934	2839.282972845546	1127.90837753375	70	15.916342260966	15.916342260966	12.381799933743448	0	0	0	16314	0	0.0	13.998640408215124
222	moved_mid	fast			768.197690444296	2816.6689086027077	1116.5469488100782	70	9.914722327972282	9.914722327972282	6.367572908980758	0	0	0	0	16314	0.0	8.215561877274467
222	moved_mid	witness			773.4546143019044	2838.0147463805747	1126.9370881185664	70	15.916342260966	15.916342260966	12.381799933743448	0	0	0	15400	914	0.0	13.998032664175298
222	moved_mid	h5l2	5	2	759.009945277005	2781.194805518164	1103.8737834601545	70	5.0	5.0	4.999273717041489	3640	0	3640	15400	914	0.0	5.0442379139544755
222	moved_mid	h5l3	5	3	759.009945277005	2781.194805518164	1103.8737834601545	70	5.0	5.0	4.999273717041489	3640	0	3640	15400	914	0.0	5.0442379139544755
222	moved_mid	h5l4	5	4	759.009945277005	2781.194805518164	1103.8737834601545	70	5.0	5.0	4.999273717041489	3640	0	3640	15400	914	0.0	5.0442379139544755
222	moved_mid	h5l5	5	5	759.009945277005	2781.194805518164	1103.8737834601545	70	5.0	5.0	4.999273717041489	3640	3640	0	15400	914	0.0	5.0442379139544755
222	moved_mid	h6l2	6	2	766.1856417620628	2809.37138095694	1115.3080133268047	70	6.0	6.0	5.998569791659928	3634	0	3634	15400	914	0.0	6.022055419130993
222	moved_mid	h6l3	6	3	766.1856417620628	2809.37138095694	1115.3080133268047	70	6.0	6.0	5.998569791659928	3634	0	3634	15400	914	0.0	6.022055419130993
222	moved_mid	h6l4	6	4	766.1856417620628	2809.37138095694	1115.3080133268047	70	6.0	6.0	5.998569791659928	3634	0	3634	15400	914	0.0	6.022055419130993
222	moved_mid	h6l5	6	5	766.1856417620628	2809.37138095694	1115.3080133268047	70	6.0	6.0	5.998569791659928	3634	0	3634	15400	914	0.0	6.022055419130993
222	moved_mid	h8l2	8	2	771.230402280259	2830.491036647453	1124.0574476998995	70	8.0	8.0	7.982516309804233	3594	8	3586	15400	914	0.0	8.004375379267913
222	moved_mid	h8l3	8	3	771.6117050187648	2830.8723393859586	1124.0574476998995	70	8.0	8.0	7.982516309804233	3590	2	3588	15400	914	0.0	8.004375379267913
222	moved_mid	h8l4	8	4	771.6580121694075	2830.9186465366015	1124.0574476998995	70	8.0	8.0	7.982516309804233	3592	0	3592	15400	914	0.0	8.004375379267913
222	moved_mid	h8l5	8	5	771.6580121694075	2830.9186465366015	1124.0574476998995	70	8.0	8.0	7.982516309804233	3592	0	3592	15400	914	0.0	8.004375379267913
222	moved_mid	h10l2	10	2	771.7240036147971	2832.5339109610904	1123.8858261318649	70	10.0	10.0	9.823374826939235	3465	49	3416	15400	914	0.0	9.996417991232192
222	moved_mid	h10l3	10	3	772.5568544877358	2835.721114675427	1126.1097549543333	70	10.0	10.0	9.823374826939235	3458	20	3438	15400	914	0.0	9.996417991232192
222	moved_mid	h10l4	10	4	772.9323737740963	2836.253879519648	1126.2670005121902	70	10.0	10.0	9.823374826939235	3451	6	3445	15400	914	0.0	9.996417991231738
222	moved_mid	h10l5	10	5	773.0268506804307	2836.3483564259823	1126.2670005121902	70	10.0	10.0	9.823374826939235	3447	2	3445	15400	914	0.0	9.996417991231738
222	moved_mid	h12l2	12	2	771.6060403429452	2829.1592818500717	1120.3715370779623	70	12.0	12.0	11.319752702045133	2722	73	2649	15400	914	0.0	11.980494101479508
222	moved_mid	h12l3	12	3	772.6009121202829	2834.555697058577	1124.544634697871	70	12.0	12.0	11.319752702045133	2719	57	2662	15400	914	0.0	11.980494101479508
222	moved_mid	h12l4	12	4	773.0999822607395	2836.981637424569	1126.3850685591292	70	12.0	12.0	11.319752702045133	2723	36	2687	15400	914	0.0	11.980494101479508
222	moved_mid	h12l5	12	5	773.3096844739574	2837.627333716397	1126.8028384409108	70	12.0	12.0	11.319752702045133	2706	8	2698	15400	914	0.0	11.980494101479508
222	moved_mid	h16l2	16	2	771.379369313201	2827.0764412516914	1118.6162491098135	70	15.916342260966	15.916342260966	12.381799933743448	89	89	0	15400	914	0.0	13.998031471512604
222	moved_mid	h16l3	16	3	772.5418556605629	2833.490803812971	1123.5096480902434	70	15.916342260966	15.916342260966	12.381799933743448	75	75	0	15400	914	0.0	13.998032664175298
222	moved_mid	h16l4	16	4	773.120396759428	2836.5425930084753	1125.8460535741401	70	15.916342260966	15.916342260966	12.381799933743448	54	54	0	15400	914	0.0	13.998032664175298
222	moved_mid	h16l5	16	5	773.3718070342801	2837.7328983191533	1126.7400327046016	70	15.916342260966	15.916342260966	12.381799933743448	31	31	0	15400	914	0.0	13.998032664175298
222	unrelated	slow			0.0	0.0	0.0		0.0	0.0	0.0	0	0	0	0	0	0.0	0.0
222	unrelated	fast			0.0	0.0	0.0		0.0	0.0	0.0	0	0	0	0	0	0.0	0.0
222	unrelated	witness			0.0	0.0	0.0		0.0	0.0	0.0	0	0	0	0	0	0.0	0.0
222	unrelated	h5l2	5	2	0.0	0.0	0.0		0.0	0.0	0.0	0	0	0	0	0	0.0	0.0
222	unrelated	h5l3	5	3	0.0	0.0	0.0		0.0	0.0	0.0	0	0	0	0	0	0.0	0.0
222	unrelated	h5l4	5	4	0.0	0.0	0.0		0.0	0.0	0.0	0	0	0	0	0	0.0	0.0
222	unrelated	h5l5	5	5	0.0	0.0	0.0		0.0	0.0	0.0	0	0	0	0	0	0.0	0.0
222	unrelated	h6l2	6	2	0.0	0.0	0.0		0.0	0.0	0.0	0	0	0	0	0	0.0	0.0
222	unrelated	h6l3	6	3	0.0	0.0	0.0		0.0	0.0	0.0	0	0	0	0	0	0.0	0.0
222	unrelated	h6l4	6	4	0.0	0.0	0.0		0.0	0.0	0.0	0	0	0	0	0	0.0	0.0
222	unrelated	h6l5	6	5	0.0	0.0	0.0		0.0	0.0	0.0	0	0	0	0	0	0.0	0.0
222	unrelated	h8l2	8	2	0.0	0.0	0.0		0.0	0.0	0.0	0	0	0	0	0	0.0	0.0
222	unrelated	h8l3	8	3	0.0	0.0	0.0		0.0	0.0	0.0	0	0	0	0	0	0.0	0.0
222	unrelated	h8l4	8	4	0.0	0.0	0.0		0.0	0.0	0.0	0	0	0	0	0	0.0	0.0
222	unrelated	h8l5	8	5	0.0	0.0	0.0		0.0	0.0	0.0	0	0	0	0	0	0.0	0.0
222	unrelated	h10l2	10	2	0.0	0.0	0.0		0.0	0.0	0.0	0	0	0	0	0	0.0	0.0
222	unrelated	h10l3	10	3	0.0	0.0	0.0		0.0	0.0	0.0	0	0	0	0	0	0.0	0.0
222	unrelated	h10l4	10	4	0.0	0.0	0.0		0.0	0.0	0.0	0	0	0	0	0	0.0	0.0
222	unrelated	h10l5	10	5	0.0	0.0	0.0		0.0	0.0	0.0	0	0	0	0	0	0.0	0.0
222	unrelated	h12l2	12	2	0.0	0.0	0.0		0.0	0.0	0.0	0	0	0	0	0	0.0	0.0
222	unrelated	h12l3	12	3	0.0	0.0	0.0		0.0	0.0	0.0	0	0	0	0	0	0.0	0.0
222	unrelated	h12l4	12	4	0.0	0.0	0.0		0.0	0.0	0.0	0	0	0	0	0	0.0	0.0
222	unrelated	h12l5	12	5	0.0	0.0	0.0		0.0	0.0	0.0	0	0	0	0	0	0.0	0.0
222	unrelated	h16l2	16	2	0.0	0.0	0.0		0.0	0.0	0.0	0	0	0	0	0	0.0	0.0
222	unrelated	h16l3	16	3	0.0	0.0	0.0		0.0	0.0	0.0	0	0	0	0	0	0.0	0.0
222	unrelated	h16l4	16	4	0.0	0.0	0.0		0.0	0.0	0.0	0	0	0	0	0	0.0	0.0
222	unrelated	h16l5	16	5	0.0	0.0	0.0		0.0	0.0	0.0	0	0	0	0	0	0.0	0.0
223	recombined	slow			586.322858959192	3376.2679850208933	1930.2527016809695	71	15.924795545854673	15.924795545854673	9.332985708080287	0	0	0	16313	0	-0.8873795659922015	14.775309661552
223	recombined	fast			580.7649891745826	3353.985586632855	1919.102611823497	71	9.922997033690562	9.922997033690562	3.313502659621383	0	0	0	0	16313	-0.8262284240084545	9.058332419738235
223	recombined	witness			585.3668326742536	3375.0399989027305	1930.0390192235386	71	15.924795545854673	15.924795545854673	9.332985708080287	0	0	0	15428	885	-0.88558074529019	14.7712075610184
223	recombined	h5l2	5	2	574.3264453449459	3308.122698707648	1890.8580641102642	71	5.0	5.0	0.2868153844118818	3957	0	3957	15428	885	-0.88558074529019	5.043904833898978
223	recombined	h5l3	5	3	574.3264453449459	3308.122698707648	1890.8580641102642	71	5.0	5.0	0.2868153844118818	3957	0	3957	15428	885	-0.88558074529019	5.043904833898978
223	recombined	h5l4	5	4	574.3264453449459	3308.122698707648	1890.8580641102642	71	5.0	5.0	0.2868153844118818	3957	0	3957	15428	885	-0.88558074529019	5.043904833898978
223	recombined	h5l5	5	5	574.3264453449459	3308.122698707648	1890.8580641102642	71	5.0	5.0	0.2868153844118818	3957	3957	0	15428	885	-0.88558074529019	5.043904833898978
223	recombined	h6l2	6	2	579.810569884492	3341.3695356307458	1910.2895801273353	71	6.0	6.0	1.2863468802498843	3952	0	3952	15428	885	-0.88558074529019	6.021389407992956
223	recombined	h6l3	6	3	579.810569884492	3341.3695356307458	1910.2895801273353	71	6.0	6.0	1.2863468802498843	3952	0	3952	15428	885	-0.88558074529019	6.021389407992956
223	recombined	h6l4	6	4	579.810569884492	3341.3695356307458	1910.2895801273353	71	6.0	6.0	1.2863468802498843	3952	0	3952	15428	885	-0.88558074529019	6.021389407992956
223	recombined	h6l5	6	5	579.810569884492	3341.3695356307458	1910.2895801273353	71	6.0	6.0	1.2863468802498843	3952	0	3952	15428	885	-0.88558074529019	6.021389407992956
223	recombined	h8l2	8	2	583.7402118233937	3366.3779789197056	1925.0873756079147	71	8.0	8.0	3.283539045794812	3924	5	3919	15428	885	-0.88558074529019	8.001714903965876
223	recombined	h8l3	8	3	583.9618908757731	3366.6645338765406	1925.1322053602378	71	8.0	8.0	3.283539045794812	3921	1	3920	15428	885	-0.88558074529019	8.001714903965876
223	recombined	h8l4	8	4	583.9914139333165	3366.6940569340836	1925.1322053602378	71	8.0	8.0	3.283539045794812	3920	0	3920	15428	885	-0.88558074529019	8.001714903965876
223	recombined	h8l5	8	5	583.9914139333165	3366.6940569340836	1925.1322053602378	71	8.0	8.0	3.283539045794812	3920	0	3920	15428	885	-0.88558074529019	8.001714903965876
223	recombined	h10l2	10	2	583.4186048432985	3370.0609145554095	1927.8322054687992	71	10.0	10.0	5.272362038245261	3784	34	3750	15428	885	-0.88558074529019	9.98583278421529
223	recombined	h10l3	10	3	584.6250156828372	3372.4038310101164	1928.7102805544746	71	10.0	10.0	5.272362038245261	3779	14	3765	15428	885	-0.88558074529019	9.98583278421529
223	recombined	h10l4	10	4	584.9949630561626	3373.009705612	1928.867215687846	71	10.0	10.0	5.272362038245261	3776	3	3773	15428	885	-0.88558074529019	9.98583278421529
223	recombined	h10l5	10	5	585.0397390956717	3373.062394976773	1928.8751290131108	71	10.0	10.0	5.272362038245261	3775	1	3774	15428	885	-0.88558074529019	9.98583278421529
223	recombined	h12l2	12	2	581.9526760533942	3367.732464471782	1927.427395814187	71	12.0	12.0	7.228500309928997	3201	49	3152	15428	885	-0.88558074529019	11.939034733475182
223	recombined	h12l3	12	3	584.0497941373494	3372.172093855003	1928.9651947671855	71	12.0	12.0	7.228500309928997	3217	37	3180	15428	885	-0.88558074529019	11.939034733475182
223	recombined	h12l4	12	4	584.965235151248	3374.0435703251615	1929.6094851886282	71	12.0	12.0	7.228500309928997	3226	26	3200	15428	885	-0.88558074529019	11.939034733475182
223	recombined	h12l5	12	5	585.2561422704965	3374.5592079225103	1929.7764213438968	71	12.0	12.0	7.228500309928997	3211	7	3204	15428	885	-0.88558074529019	11.939034733475182
223	recombined	h16l2	16	2	581.2307014191522	3365.82206720912	1926.82516641305	71	15.924795545854673	15.924795545854673	9.332985708080287	54	54	0	15428	885	-0.88558074529019	14.7712075610184
223	recombined	h16l3	16	3	583.5435299901372	3371.1379453999657	1928.7353537191834	71	15.924795545854673	15.924795545854673	9.332985708080287	50	50	0	15428	885	-0.88558074529019	14.7712075610184
223	recombined	h16l4	16	4	584.7202949149133	3373.735081545799	1929.6389007652651	71	15.924795545854673	15.924795545854673	9.332985708080287	38	38	0	15428	885	-0.88558074529019	14.7712075610184
223	recombined	h16l5	16	5	585.2098069759796	3374.7539739888753	1929.9559294033709	71	15.924795545854673	15.924795545854673	9.332985708080287	22	22	0	15428	885	-0.88558074529019	14.7712075610184
223	switched	slow			586.322858959192	1445.8520305592992	-0.1632527805958363	71	15.847377114310083	15.847377114310083	9.332985708080287	0	0	0	16313	0	-0.8873795659922015	12.621078379665029
223	switched	fast			580.7649891745826	1440.419485109368	5.536510300009631	71	9.84551349611312	9.84551349611312	3.313502659621383	0	0	0	0	16313	-0.8262284240084545	8.186428018762285
223	switched	witness			585.3668326742536	1445.6853968610787	0.6844171818984887	71	15.847377114310083	15.847377114310083	9.332985708080287	0	0	0	8824	7489	-0.88558074529019	12.06139976543652
223	switched	h5l2	5	2	574.3264453449459	1423.243565362502	5.978930765107924	71	5.0	5.0	0.2868153844118818	1617	0	1617	8824	7489	-0.88558074529019	5.038677841257481
223	switched	h5l3	5	3	574.3264453449459	1423.243565362502	5.978930765107924	71	5.0	5.0	0.2868153844118818	1617	0	1617	8824	7489	-0.88558074529019	5.038677841257481
223	switched	h5l4	5	4	574.3264453449459	1423.243565362502	5.978930765107924	71	5.0	5.0	0.2868153844118818	1617	0	1617	8824	7489	-0.88558074529019	5.038677841257481
223	switched	h5l5	5	5	574.3264453449459	1423.243565362502	5.978930765107924	71	5.0	5.0	0.2868153844118818	1617	1617	0	8824	7489	-0.88558074529019	5.038677841257481
223	switched	h6l2	6	2	579.810569884492	1436.505015241057	5.425059737627425	71	6.0	6.0	1.2863468802498843	1613	0	1613	8824	7489	-0.88558074529019	6.010957816632072
223	switched	h6l3	6	3	579.810569884492	1436.505015241057	5.425059737627425	71	6.0	6.0	1.2863468802498843	1613	0	1613	8824	7489	-0.88558074529019	6.010957816632072
223	switched	h6l4	6	4	579.810569884492	1436.505015241057	5.425059737627425	71	6.0	6.0	1.2863468802498843	1613	0	1613	8824	7489	-0.88558074529019	6.010957816632072
223	switched	h6l5	6	5	579.810569884492	1436.505015241057	5.425059737627425	71	6.0	6.0	1.2863468802498843	1613	0	1613	8824	7489	-0.88558074529019	6.010957816632072
223	switched	h8l2	8	2	583.7402118233937	1445.2095869859547	3.918983674176077	71	8.0	8.0	3.283539045794812	1603	4	1599	8824	7489	-0.88558074529019	7.960516210334617
223	switched	h8l3	8	3	583.9618908757731	1445.4513121904672	3.918983674176077	71	8.0	8.0	3.283539045794812	1601	1	1600	8824	7489	-0.88558074529019	7.960516210334504
223	switched	h8l4	8	4	583.9914139333165	1445.4808352480106	3.918983674176077	71	8.0	8.0	3.283539045794812	1600	0	1600	8824	7489	-0.88558074529019	7.960516210334504
223	switched	h8l5	8	5	583.9914139333165	1445.4808352480106	3.918983674176077	71	8.0	8.0	3.283539045794812	1600	0	1600	8824	7489	-0.88558074529019	7.960516210334504
223	switched	h10l2	10	2	583.4186048432985	1445.4945473719965	3.2658382853949584	71	10.0	10.0	5.272362038245261	1543	22	1521	8824	7489	-0.88558074529019	9.828866114927223
223	switched	h10l3	10	3	584.6250156828372	1446.2328183415418	2.539267885915071	71	10.0	10.0	5.272362038245261	1540	12	1528	8824	7489	-0.88558074529019	9.82886611492745
223	switched	h10l4	10	4	584.9949630561626	1446.4955478244117	2.3530579002720633	71	10.0	10.0	5.272362038245261	1537	2	1535	8824	7489	-0.88558074529019	9.82886611492745
223	switched	h10l5	10	5	585.0397390956717	1446.5403238639208	2.3530579002720633	71	10.0	10.0	5.272362038245261	1537	1	1536	8824	7489	-0.88558074529019	9.82886611492745
223	switched	h12l2	12	2	581.9526760533942	1443.5052759371094	3.2002072795020404	71	12.0	12.0	7.228500309928997	1314	33	1281	8824	7489	-0.88558074529019	10.625594049200942
223	switched	h12l3	12	3	584.0497941373494	1445.6805359678544	2.473636880022153	71	12.0	12.0	7.228500309928997	1327	26	1301	8824	7489	-0.88558074529019	11.272235987343478
223	switched	h12l4	12	4	584.965235151248	1446.2061031811843	1.7720180446374574	71	12.0	12.0	7.228500309928997	1331	18	1313	8824	7489	-0.88558074529019	11.40238073936257
223	switched	h12l5	12	5	585.2561422704965	1446.0069222151458	1.224135636521291	71	12.0	12.0	7.228500309928997	1320	5	1315	8824	7489	-0.88558074529019	11.40238073936257
223	switched	h16l2	16	2	581.2307014191522	1442.1795957718357	3.182694975788467	71	15.847377114310083	15.847377114310083	9.332985708080287	36	36	0	8824	7489	-0.88558074529019	10.886911290925582
223	switched	h16l3	16	3	583.5435299901372	1444.8587162570664	2.4561245763085795	71	15.847377114310083	15.847377114310083	9.332985708080287	34	34	0	8824	7489	-0.88558074529019	11.375129702845157
223	switched	h16l4	16	4	584.7202949149133	1445.8506865214424	1.754505740923884	71	15.847377114310083	15.847377114310083	9.332985708080287	28	28	0	8824	7489	-0.88558074529019	11.977926713642816
223	switched	h16l5	16	5	585.2098069759796	1445.9495124725213	1.1514678870365975	71	15.847377114310083	15.847377114310083	9.332985708080287	17	17	0	8824	7489	-0.88558074529019	12.06139976539815
223	moved_mid	slow			586.322858959192	2104.1579599997103	658.1426766598147	71	15.847377114310083	15.847377114310083	9.332985708080287	0	0	0	16313	0	-0.8873795659922015	13.925777749547251
223	moved_mid	fast			580.7649891745826	2088.5380681944202	653.655093385067	71	9.84551349611312	9.84551349611312	3.313502659621383	0	0	0	0	16313	-0.8262284240084545	8.186428018762285
223	moved_mid	witness			585.3668326742536	2102.006300986516	657.00532130732	71	15.847377114310083	15.847377114310083	9.332985708080287	0	0	0	13681	2632	-0.88558074529019	13.909635888231378
223	moved_mid	h5l2	5	2	574.3264453449459	2067.003761531131	649.7391269337371	71	5.0	5.0	0.2868153844118818	2447	0	2447	13681	2632	-0.88558074529019	5.043858203011041
223	moved_mid	h5l3	5	3	574.3264453449459	2067.003761531131	649.7391269337371	71	5.0	5.0	0.2868153844118818	2447	0	2447	13681	2632	-0.88558074529019	5.043858203011041
223	moved_mid	h5l4	5	4	574.3264453449459	2067.003761531131	649.7391269337371	71	5.0	5.0	0.2868153844118818	2447	0	2447	13681	2632	-0.88558074529019	5.043858203011041
223	moved_mid	h5l5	5	5	574.3264453449459	2067.003761531131	649.7391269337371	71	5.0	5.0	0.2868153844118818	2447	2447	0	13681	2632	-0.88558074529019	5.043858203011041
223	moved_mid	h6l2	6	2	579.810569884492	2086.9318350613175	655.8518795578924	71	6.0	6.0	1.2863468802498843	2442	0	2442	13681	2632	-0.88558074529019	6.021296179335877
223	moved_mid	h6l3	6	3	579.810569884492	2086.9318350613175	655.8518795578924	71	6.0	6.0	1.2863468802498843	2442	0	2442	13681	2632	-0.88558074529019	6.021296179335877
223	moved_mid	h6l4	6	4	579.810569884492	2086.9318350613175	655.8518795578924	71	6.0	6.0	1.2863468802498843	2442	0	2442	13681	2632	-0.88558074529019	6.021296179335877
223	moved_mid	h6l5	6	5	579.810569884492	2086.9318350613175	655.8518795578924	71	6.0	6.0	1.2863468802498843	2442	0	2442	13681	2632	-0.88558074529019	6.021296179335877
223	moved_mid	h8l2	8	2	583.7402118233937	2100.165401010358	658.8747976985819	71	8.0	8.0	3.283539045794812	2427	11	2416	13681	2632	-0.88558074529019	8.001342782216625
223	moved_mid	h8l3	8	3	583.9618908757731	2100.9032636922625	659.3709351759776	71	8.0	8.0	3.283539045794812	2423	4	2419	13681	2632	-0.88558074529019	8.001342782216625
223	moved_mid	h8l4	8	4	583.9914139333165	2100.9624116334903	659.4005600596608	71	8.0	8.0	3.283539045794812	2419	0	2419	13681	2632	-0.88558074529019	8.001342782216625
223	moved_mid	h8l5	8	5	583.9914139333165	2100.9624116334903	659.4005600596608	71	8.0	8.0	3.283539045794812	2419	0	2419	13681	2632	-0.88558074529019	8.001342782216625
223	moved_mid	h10l2	10	2	583.4186048432985	2099.3196238704704	657.0909147838787	71	10.0	10.0	5.272362038245261	2322	47	2275	13681	2632	-0.88558074529019	9.984356849521419
223	moved_mid	h10l3	10	3	584.6250156828372	2101.979131714794	658.2855812591806	71	10.0	10.0	5.272362038245261	2327	27	2300	13681	2632	-0.88558074529019	9.984356849521419
223	moved_mid	h10l4	10	4	584.9949630561626	2102.9827973506403	658.8403074265123	71	10.0	10.0	5.272362038245261	2319	8	2311	13681	2632	-0.88558074529019	9.984356849521419
223	moved_mid	h10l5	10	5	585.0397390956717	2103.138094119118	658.9508281554793	71	10.0	10.0	5.272362038245261	2314	1	2313	13681	2632	-0.88558074529019	9.984356849521419
223	moved_mid	h12l2	12	2	581.9526760533942	2094.781887545938	654.4768188883296	71	12.0	12.0	7.228500309928997	1927	74	1853	13681	2632	-0.88558074529019	11.911727214907614
223	moved_mid	h12l3	12	3	584.0497941373494	2100.3827968738346	657.1758977860019	71	12.0	12.0	7.228500309928997	1951	60	1891	13681	2632	-0.88558074529019	11.911727214907614
223	moved_mid	h12l4	12	4	584.965235151248	2102.2665390129546	657.8324538764107	71	12.0	12.0	7.228500309928997	1950	35	1915	13681	2632	-0.88558074529019	11.933323634481212
223	moved_mid	h12l5	12	5	585.2561422704965	2102.4371920746808	657.6544054960568	71	12.0	12.0	7.228500309928997	1938	14	1924	13681	2632	-0.88558074529019	11.933323634481212
223	moved_mid	h16l2	16	2	581.2307014191522	2091.9415597445427	652.9446589484975	71	15.847377114310083	15.847377114310083	9.332985708080287	87	87	0	13681	2632	-0.88558074529019	13.90963588759928
223	moved_mid	h16l3	16	3	583.5435299901372	2098.757939374152	656.3553476934011	71	15.847377114310083	15.847377114310083	9.332985708080287	73	73	0	13681	2632	-0.88558074529019	13.909635887940567
223	moved_mid	h16l4	16	4	584.7202949149133	2101.540674406931	657.4444936264115	71	15.847377114310083	15.847377114310083	9.332985708080287	60	60	0	13681	2632	-0.88558074529019	13.909635888108824
223	moved_mid	h16l5	16	5	585.2098069759796	2102.2190374727024	657.4209928872023	71	15.847377114310083	15.847377114310083	9.332985708080287	33	33	0	13681	2632	-0.88558074529019	13.90963588818613
223	unrelated	slow			0.0	0.0	0.0		0.0	0.0	0.0	0	0	0	0	0	0.0	0.0
223	unrelated	fast			0.0	0.0	0.0		0.0	0.0	0.0	0	0	0	0	0	0.0	0.0
223	unrelated	witness			0.0	0.0	0.0		0.0	0.0	0.0	0	0	0	0	0	0.0	0.0
223	unrelated	h5l2	5	2	0.0	0.0	0.0		0.0	0.0	0.0	0	0	0	0	0	0.0	0.0
223	unrelated	h5l3	5	3	0.0	0.0	0.0		0.0	0.0	0.0	0	0	0	0	0	0.0	0.0
223	unrelated	h5l4	5	4	0.0	0.0	0.0		0.0	0.0	0.0	0	0	0	0	0	0.0	0.0
223	unrelated	h5l5	5	5	0.0	0.0	0.0		0.0	0.0	0.0	0	0	0	0	0	0.0	0.0
223	unrelated	h6l2	6	2	0.0	0.0	0.0		0.0	0.0	0.0	0	0	0	0	0	0.0	0.0
223	unrelated	h6l3	6	3	0.0	0.0	0.0		0.0	0.0	0.0	0	0	0	0	0	0.0	0.0
223	unrelated	h6l4	6	4	0.0	0.0	0.0		0.0	0.0	0.0	0	0	0	0	0	0.0	0.0
223	unrelated	h6l5	6	5	0.0	0.0	0.0		0.0	0.0	0.0	0	0	0	0	0	0.0	0.0
223	unrelated	h8l2	8	2	0.0	0.0	0.0		0.0	0.0	0.0	0	0	0	0	0	0.0	0.0
223	unrelated	h8l3	8	3	0.0	0.0	0.0		0.0	0.0	0.0	0	0	0	0	0	0.0	0.0
223	unrelated	h8l4	8	4	0.0	0.0	0.0		0.0	0.0	0.0	0	0	0	0	0	0.0	0.0
223	unrelated	h8l5	8	5	0.0	0.0	0.0		0.0	0.0	0.0	0	0	0	0	0	0.0	0.0
223	unrelated	h10l2	10	2	0.0	0.0	0.0		0.0	0.0	0.0	0	0	0	0	0	0.0	0.0
223	unrelated	h10l3	10	3	0.0	0.0	0.0		0.0	0.0	0.0	0	0	0	0	0	0.0	0.0
223	unrelated	h10l4	10	4	0.0	0.0	0.0		0.0	0.0	0.0	0	0	0	0	0	0.0	0.0
223	unrelated	h10l5	10	5	0.0	0.0	0.0		0.0	0.0	0.0	0	0	0	0	0	0.0	0.0
223	unrelated	h12l2	12	2	0.0	0.0	0.0		0.0	0.0	0.0	0	0	0	0	0	0.0	0.0
223	unrelated	h12l3	12	3	0.0	0.0	0.0		0.0	0.0	0.0	0	0	0	0	0	0.0	0.0
223	unrelated	h12l4	12	4	0.0	0.0	0.0		0.0	0.0	0.0	0	0	0	0	0	0.0	0.0
223	unrelated	h12l5	12	5	0.0	0.0	0.0		0.0	0.0	0.0	0	0	0	0	0	0.0	0.0
223	unrelated	h16l2	16	2	0.0	0.0	0.0		0.0	0.0	0.0	0	0	0	0	0	0.0	0.0
223	unrelated	h16l3	16	3	0.0	0.0	0.0		0.0	0.0	0.0	0	0	0	0	0	0.0	0.0
223	unrelated	h16l4	16	4	0.0	0.0	0.0		0.0	0.0	0.0	0	0	0	0	0	0.0	0.0
223	unrelated	h16l5	16	5	0.0	0.0	0.0		0.0	0.0	0.0	0	0	0	0	0	0.0	0.0
